case,run,sensor,idx_exit_start,signal_length,exit_frac,has_exit,exit_confidence,shift_vs_smcDC
1,1,smcDC,7520,9000,0.8355555555555556,True,1.5680320753173542,466
1,2,smcDC,7456,9000,0.8284444444444444,True,3.171879782658331,210
1,3,smcDC,7280,9000,0.8088888888888889,True,1.7452381217543058,34
1,4,smcDC,7008,9000,0.7786666666666666,True,2.999326652219969,-142
1,5,smcDC,7280,9000,0.8088888888888889,True,3.5089001131531745,-126
1,6,smcDC,7248,9000,0.8053333333333333,True,2.47813075131832,-110
1,7,smcDC,7136,9000,0.7928888888888889,True,6.243838821649374,466
1,8,smcDC,7216,9000,0.8017777777777778,True,114.29858197874837,-158
1,9,smcDC,7152,9000,0.7946666666666666,True,75.09370062618397,-142
1,10,smcDC,6992,9000,0.7768888888888889,True,226.79516625192147,-248
1,11,smcDC,7104,9000,0.7893333333333333,True,69.13712815359382,-246
1,12,smcDC,7680,9000,0.8533333333333334,True,201.45869952058808,-158
1,13,smcDC,7472,9000,0.8302222222222222,True,144.70245200998272,-142
1,14,smcDC,7392,9000,0.8213333333333334,True,186.2730939921634,-142
1,15,smcDC,7440,9000,0.8266666666666667,True,439.29974718480713,-206
1,16,smcDC,7264,9000,0.8071111111111111,True,425.86585291776476,-142
1,17,smcDC,7024,9000,0.7804444444444445,True,230.07264579576108,-346
2,1,smcDC,9000,9000,1.0,False,0.0,0
2,2,smcDC,7152,9000,0.7946666666666666,True,9.417673261670231,-142
2,3,smcDC,6704,9000,0.7448888888888889,True,9.178318099403397,-142
2,4,smcDC,7312,9000,0.8124444444444444,True,5.176844923812283,-78
2,5,smcDC,7136,9000,0.7928888888888889,True,13.332549510302963,-142
2,6,smcDC,7040,9000,0.7822222222222223,True,10.901383676410811,-142
2,7,smcDC,7104,9000,0.7893333333333333,True,8.66578891548105,-142
2,8,smcDC,7040,9000,0.7822222222222223,True,5.948202365147416,-126
2,9,smcDC,6992,9000,0.7768888888888889,True,5.044585741936996,-126
2,10,smcDC,8048,9000,0.8942222222222223,True,9.648541132802558,-126
2,11,smcDC,7104,9000,0.7893333333333333,True,7.777026924059073,162
2,12,smcDC,6944,9000,0.7715555555555556,True,10.5793681406757,50
2,13,smcDC,6752,9000,0.7502222222222222,True,39.32035786437093,-496
2,14,smcDC,7856,9000,0.8728888888888889,True,148.35780865612438,-270
3,1,smcDC,7680,9000,0.8533333333333334,True,2.0083190820313663,-1320
3,2,smcDC,7760,9000,0.8622222222222222,True,1.318313637298442,-1240
3,3,smcDC,8496,9000,0.944,True,1.1194721772762501,-504
3,5,smcDC,7232,9000,0.8035555555555556,True,1.6647577916538114,-1768
3,6,smcDC,7056,9000,0.784,True,1.594637267218556,-1944
3,7,smcDC,7680,9000,0.8533333333333334,True,1.438774316837812,-1320
3,8,smcDC,8160,9000,0.9066666666666666,True,1.1428526273699298,-840
3,9,smcDC,7104,9000,0.7893333333333333,True,1.2050474632706423,-1896
3,10,smcDC,8416,9000,0.9351111111111111,True,1.6115895262759952,-584
3,11,smcDC,7328,9000,0.8142222222222222,True,1.039584889605438,-1672
3,12,smcDC,6768,9000,0.752,True,1.664008303779412,-2232
3,14,smcDC,9000,9000,1.0,False,0.9489064300404572,0
3,15,smcDC,6608,9000,0.7342222222222222,True,1.4161248129502555,-2392
3,16,smcDC,8416,9000,0.9351111111111111,True,2.087589524742233,-584
4,1,smcDC,9000,9000,1.0,False,0.9619464448742276,0
4,2,smcDC,9000,9000,1.0,False,0.8718139857618395,0
4,3,smcDC,9000,9000,1.0,False,0.998809763339717,0
4,4,smcDC,7744,9000,0.8604444444444445,True,1.308964990859994,-1256
4,5,smcDC,6208,9000,0.6897777777777778,True,1.197074393491476,-2792
4,6,smcDC,9000,9000,1.0,False,0.77920947775241,0
4,7,smcDC,9000,9000,1.0,False,0.8575285379149065,0
5,1,smcDC,6832,9000,0.7591111111111111,True,5.611464372629444,-174
5,2,smcDC,6928,9000,0.7697777777777778,True,254.22977011437436,-142
5,3,smcDC,7024,9000,0.7804444444444445,True,526.7769583911733,-158
5,4,smcDC,7072,9000,0.7857777777777778,True,164.6449681733033,-142
5,5,smcDC,7008,9000,0.7786666666666666,True,83.43870762813724,-290
5,6,smcDC,7136,9000,0.7928888888888889,True,235.65873522898565,-158
7,1,smcDC,9000,9000,1.0,False,0.9033592841657194,0
7,2,smcDC,7248,9000,0.8053333333333333,True,1.0734199853589552,-1752
7,3,smcDC,7760,9000,0.8622222222222222,True,1.3491868382523988,-1240
7,4,smcDC,6400,9000,0.7111111111111111,True,1.0332484345185011,-2600
7,5,smcDC,9000,9000,1.0,False,0.9336403941532397,0
7,6,smcDC,9000,9000,1.0,False,0.9918320955349801,0
7,7,smcDC,9000,9000,1.0,False,0.867564786750054,0
7,8,smcDC,9000,9000,1.0,False,0.9009320583312165,0
8,1,smcDC,6944,9000,0.7715555555555556,True,10.662499814030696,-110
8,2,smcDC,6960,9000,0.7733333333333333,True,10.728530287019009,-202
8,3,smcDC,6928,9000,0.7697777777777778,True,8.330955113367436,-206
8,4,smcDC,6960,9000,0.7733333333333333,True,11.154424037267514,-142
8,5,smcDC,7008,9000,0.7786666666666666,True,11.422467904437248,-206
8,6,smcDC,6896,9000,0.7662222222222222,True,19.2198961537077,-207
9,1,smcDC,6832,9000,0.7591111111111111,True,6.629860975089774,-168
9,2,smcDC,6880,9000,0.7644444444444445,True,2.31174786023534,-78
9,3,smcDC,6848,9000,0.7608888888888888,True,2.7910078460211047,-94
9,4,smcDC,6880,9000,0.7644444444444445,True,5.236176221466397,-142
9,5,smcDC,6848,9000,0.7608888888888888,True,348.2965083431578,-158
9,6,smcDC,6864,9000,0.7626666666666667,True,86.737812540576,-142
9,7,smcDC,6992,9000,0.7768888888888889,True,144.83870117593293,-288
9,8,smcDC,7040,9000,0.7822222222222223,True,91.24184271986205,-271
9,9,smcDC,6944,9000,0.7715555555555556,True,124.80090836180497,-158
10,1,smcDC,9000,9000,1.0,False,0.7701694538374709,0
10,2,smcDC,9000,9000,1.0,False,0.735353701443461,0
10,3,smcDC,6160,9000,0.6844444444444444,True,1.0741478564067906,-2840
10,4,smcDC,9000,9000,1.0,False,0.6959495664326225,0
10,5,smcDC,9000,9000,1.0,False,0.7693490405133976,0
10,6,smcDC,9000,9000,1.0,False,0.786935516313847,0
10,7,smcDC,7376,9000,0.8195555555555556,True,1.2507620523299432,-1624
10,8,smcDC,9000,9000,1.0,False,0.0,0
10,9,smcDC,9000,9000,1.0,False,0.0,0
10,10,smcDC,9000,9000,1.0,False,0.0,0
11,1,smcDC,7616,9000,0.8462222222222222,True,1.0697676630198567,-1384
11,2,smcDC,9000,9000,1.0,False,0.8485825257567015,0
11,3,smcDC,9000,9000,1.0,False,0.9832727311447617,0
11,4,smcDC,6400,9000,0.7111111111111111,True,1.5925182845674386,-2600
11,5,smcDC,5936,9000,0.6595555555555556,True,1.435358756230383,-3064
11,6,smcDC,8608,9000,0.9564444444444444,True,1.7179265323312203,-392
11,7,smcDC,8256,9000,0.9173333333333333,True,1.551994128113805,-744
11,8,smcDC,9000,9000,1.0,False,0.8923849010101949,0
11,9,smcDC,7328,9000,0.8142222222222222,True,1.0634829996201456,-1672
11,10,smcDC,7216,9000,0.8017777777777778,True,1.4247394968075398,-1784
11,11,smcDC,9000,9000,1.0,False,0.706490816392579,0
11,12,smcDC,9000,9000,1.0,False,0.9227920425469361,0
11,13,smcDC,9000,9000,1.0,False,0.8090617847765491,0
11,14,smcDC,9000,9000,1.0,False,0.7213084319904498,0
11,15,smcDC,9000,9000,1.0,False,0.7972719326825027,0
11,16,smcDC,6640,9000,0.7377777777777778,True,1.3990819786309865,-2360
11,17,smcDC,9000,9000,1.0,False,0.7324285975640992,0
11,18,smcDC,9000,9000,1.0,False,0.826984661434373,0
11,19,smcDC,8096,9000,0.8995555555555556,True,1.191254998450248,-904
11,20,smcDC,7072,9000,0.7857777777777778,True,3.400628442060284,-1928
11,21,smcDC,9000,9000,1.0,False,0.7194198379635344,0
11,22,smcDC,9000,9000,1.0,False,0.9172508882468554,0
11,23,smcDC,8400,9000,0.9333333333333333,True,1.8401182705795212,-600
12,1,smcDC,11728,15360,0.7635416666666667,True,2.241950630577759,-3632
12,2,smcDC,6912,9000,0.768,True,3.9719670315095126,-110
12,3,smcDC,6688,9000,0.7431111111111111,True,3.117338745923552,-142
12,4,smcDC,6736,9000,0.7484444444444445,True,1.7918223370672082,-78
12,5,smcDC,8032,9000,0.8924444444444445,True,3.3923779768510554,1202
12,6,smcDC,6912,9000,0.768,True,4.315382398354296,-126
12,7,smcDC,7152,9000,0.7946666666666666,True,2.35500383283747,142
12,8,smcDC,8272,9000,0.9191111111111111,True,3.5233442752004995,1282
12,9,smcDC,6848,9000,0.7608888888888888,True,1.8880813166267905,-94
12,10,smcDC,6752,9000,0.7502222222222222,True,1.881804428984467,-222
12,11,smcDC,6752,9000,0.7502222222222222,True,3.678567017476071,-142
12,12,smcDC,6800,9000,0.7555555555555555,True,1.745034055166037,-212
12,13,smcDC,6880,9000,0.7644444444444445,True,6.603052870509958,-126
12,14,smcDC,8304,9000,0.9226666666666666,True,1.4345903355895229,1250
12,15,smcDC,6688,9000,0.7431111111111111,True,47.82784137502259,-158
13,1,smcDC,7888,9000,0.8764444444444445,True,1.0977820507186828,-1112
13,2,smcDC,6112,9000,0.6791111111111111,True,1.0772924629511353,-2888
13,3,smcDC,6992,9000,0.7768888888888889,True,1.0906228434195615,-2008
13,4,smcDC,9000,9000,1.0,False,0.6422777285815385,0
13,5,smcDC,9000,9000,1.0,False,0.6224320917277569,0
13,6,smcDC,9000,9000,1.0,False,0.8551929942190691,0
13,7,smcDC,9000,9000,1.0,False,0.9915966360429477,0
13,8,smcDC,8176,9000,0.9084444444444445,True,1.0610361836417999,-824
13,9,smcDC,9000,9000,1.0,False,0.7418033803504986,0
13,10,smcDC,9000,9000,1.0,False,0.904161059076514,0
13,11,smcDC,9000,9000,1.0,False,0.6404685439609213,0
13,12,smcDC,9000,9000,1.0,False,0.8021755405638458,0
13,13,smcDC,9000,9000,1.0,False,0.41047181341874195,0
13,14,smcDC,9000,9000,1.0,False,0.0,0
13,15,smcDC,9000,9000,1.0,False,0.0,0
14,1,smcDC,7184,9000,0.7982222222222223,True,6.579886271795984,-178
14,2,smcDC,6736,9000,0.7484444444444445,True,5.416012612878424,-188
14,3,smcDC,6912,9000,0.768,True,10.546507223390813,-142
14,4,smcDC,6976,9000,0.7751111111111111,True,3.825831737947571,-126
14,5,smcDC,6960,9000,0.7733333333333333,True,5.1106388290732285,-158
14,6,smcDC,6832,9000,0.7591111111111111,True,8.771722504737506,-206
14,8,smcDC,6880,9000,0.7644444444444445,True,165.70743204689836,-234
14,9,smcDC,6976,9000,0.7751111111111111,True,83.24855647792866,-248
14,10,smcDC,6896,9000,0.7662222222222222,True,42.771972652703795,-142
15,1,smcDC,6544,9000,0.7271111111111112,True,1.1643096325274198,-2456
15,2,smcDC,9000,9000,1.0,False,0.3784890606534502,0
15,3,smcDC,7024,9000,0.7804444444444445,True,1.050107373282812,-1976
15,4,smcDC,9000,9000,1.0,False,0.6257922580259468,0
15,5,smcDC,9000,9000,1.0,False,0.8469827888912538,0
15,6,smcDC,7728,9000,0.8586666666666667,True,1.0668663795969906,-1272
15,7,smcDC,9000,9000,1.0,False,0.0,0
16,1,smcDC,6960,9000,0.7733333333333333,True,75.75446844620518,-158
16,2,smcDC,6880,9000,0.7644444444444445,True,169.68010099138013,-158
16,3,smcDC,7056,9000,0.784,True,413.32925466099533,-158
16,4,smcDC,7008,9000,0.7786666666666666,True,58.29873130252736,-142
16,5,smcDC,6960,9000,0.7733333333333333,True,95.64603058245031,-237
16,6,smcDC,6976,9000,0.7751111111111111,True,213.62044417654667,-158
1,1,smcAC,7856,9000,0.8728888888888889,True,1.689100037324376,802
1,2,smcAC,7632,9000,0.848,True,1.3634187300541625,386
1,3,smcAC,7728,9000,0.8586666666666667,True,1.1587436312064814,482
1,4,smcAC,7488,9000,0.832,True,1.209970741965631,338
1,5,smcAC,7584,9000,0.8426666666666667,True,1.463421997555678,178
1,6,smcAC,7696,9000,0.8551111111111112,True,1.1391447585815098,338
1,7,smcAC,7664,9000,0.8515555555555555,True,1.5256582097065472,994
1,8,smcAC,7872,9000,0.8746666666666667,True,1.045908059173185,498
1,9,smcAC,7216,9000,0.8017777777777778,True,1.1276956788263817,-78
1,10,smcAC,7120,9000,0.7911111111111111,True,2.1757099773908832,-120
1,11,smcAC,8432,9000,0.9368888888888889,True,1.256551585025267,1082
1,12,smcAC,8288,9000,0.9208888888888889,True,1.253311771849834,450
1,13,smcAC,8016,9000,0.8906666666666667,True,1.2872262893659183,402
1,14,smcAC,8144,9000,0.9048888888888889,True,1.1754581278050278,610
1,15,smcAC,8352,9000,0.928,True,1.8106876893547879,706
1,16,smcAC,8192,9000,0.9102222222222223,True,1.7499070623747561,786
1,17,smcAC,7568,9000,0.8408888888888889,True,1.879859337807646,198
2,1,smcAC,9000,9000,1.0,False,0.0,0
2,2,smcAC,7664,9000,0.8515555555555555,True,1.5170143526310418,370
2,3,smcAC,6928,9000,0.7697777777777778,True,1.457177987126808,82
2,4,smcAC,7520,9000,0.8355555555555556,True,1.2818945018408694,130
2,5,smcAC,8560,9000,0.9511111111111111,True,1.1516551198449065,1282
2,6,smcAC,8528,9000,0.9475555555555556,True,1.1452510304720838,1346
2,7,smcAC,8016,9000,0.8906666666666667,True,1.1645803304916096,770
2,8,smcAC,9000,9000,1.0,False,0.9548841940548025,1834
2,9,smcAC,8416,9000,0.9351111111111111,True,1.243317156377695,1298
2,10,smcAC,8464,9000,0.9404444444444444,True,1.6156038654758764,290
2,11,smcAC,7488,9000,0.832,True,1.1149940360764008,546
2,12,smcAC,9000,9000,1.0,False,0.8463584018461235,2106
2,13,smcAC,8528,9000,0.9475555555555556,True,1.0420808265627757,1280
2,14,smcAC,9000,9000,1.0,False,0.7956546633167051,874
3,1,smcAC,7824,9000,0.8693333333333333,True,1.0120631479790327,-1176
3,2,smcAC,7776,9000,0.864,True,1.2887843021975476,-1224
3,3,smcAC,6960,9000,0.7733333333333333,True,1.4314054469278947,-2040
3,5,smcAC,7840,9000,0.8711111111111111,True,1.1084878051147118,-1160
3,6,smcAC,7552,9000,0.8391111111111111,True,1.2941188556390968,-1448
3,7,smcAC,6000,9000,0.6666666666666666,True,1.386557976287548,-3000
3,8,smcAC,9000,9000,1.0,False,0.7351311614181618,0
3,9,smcAC,8256,9000,0.9173333333333333,True,1.0210019976835134,-744
3,10,smcAC,9000,9000,1.0,False,0.8293940923567465,0
3,11,smcAC,9000,9000,1.0,False,0.7710787337443732,0
3,12,smcAC,9000,9000,1.0,False,0.6968521188684618,0
3,14,smcAC,9000,9000,1.0,False,0.8097865904841596,0
3,15,smcAC,9000,9000,1.0,False,0.945436348692523,0
3,16,smcAC,9000,9000,1.0,False,0.9411274301609479,0
4,1,smcAC,6800,9000,0.7555555555555555,True,1.0968157594546575,-2200
4,2,smcAC,9000,9000,1.0,False,0.8456630387678488,0
4,3,smcAC,9000,9000,1.0,False,0.7933799536972949,0
4,4,smcAC,9000,9000,1.0,False,0.914816579632865,0
4,5,smcAC,5856,9000,0.6506666666666666,True,1.0221980546174692,-3144
4,6,smcAC,9000,9000,1.0,False,0.9504541493230569,0
4,7,smcAC,6096,9000,0.6773333333333333,True,1.07203302555286,-2904
5,1,smcAC,7024,9000,0.7804444444444445,True,1.8032934215351624,18
5,2,smcAC,7488,9000,0.832,True,1.1560847028346968,418
5,3,smcAC,8048,9000,0.8942222222222223,True,1.1957199593021484,866
5,4,smcAC,7840,9000,0.8711111111111111,True,1.6595286412720722,626
5,5,smcAC,7072,9000,0.7857777777777778,True,2.194362757487511,-226
5,6,smcAC,7920,9000,0.88,True,1.6643772046492205,626
7,1,smcAC,7680,9000,0.8533333333333334,True,1.3192713641482392,-1320
7,2,smcAC,9000,9000,1.0,False,0.9869840315587143,0
7,3,smcAC,6352,9000,0.7057777777777777,True,1.2180232955425567,-2648
7,4,smcAC,9000,9000,1.0,False,0.9445008378235157,0
7,5,smcAC,9000,9000,1.0,False,0.9085464295208912,0
7,6,smcAC,9000,9000,1.0,False,0.7855902373656702,0
7,7,smcAC,9000,9000,1.0,False,0.7265448774836637,0
7,8,smcAC,9000,9000,1.0,False,0.7497694564327704,0
8,1,smcAC,7312,9000,0.8124444444444444,True,1.3590641105038341,258
8,2,smcAC,7168,9000,0.7964444444444444,True,1.035531661305041,6
8,3,smcAC,7040,9000,0.7822222222222223,True,1.0531802503336192,-94
8,4,smcAC,9000,9000,1.0,False,0.9031223835233768,1898
8,5,smcAC,7104,9000,0.7893333333333333,True,1.2657136218177552,-110
8,6,smcAC,7936,9000,0.8817777777777778,True,1.3232466864243133,833
9,1,smcAC,7024,9000,0.7804444444444445,True,1.2089138692925319,24
9,2,smcAC,8304,9000,0.9226666666666666,True,1.285297984598699,1346
9,3,smcAC,7008,9000,0.7786666666666666,True,1.6182224591468375,66
9,4,smcAC,8096,9000,0.8995555555555556,True,1.2911232844049156,1074
9,5,smcAC,8192,9000,0.9102222222222223,True,1.1011231094321843,1186
9,6,smcAC,8256,9000,0.9173333333333333,True,1.3563522954031693,1250
9,7,smcAC,8400,9000,0.9333333333333333,True,1.063072037021098,1120
9,8,smcAC,7024,9000,0.7804444444444445,True,1.6781797653024595,-287
9,9,smcAC,8144,9000,0.9048888888888889,True,1.2156159478015187,1042
10,1,smcAC,8016,9000,0.8906666666666667,True,1.0152791970453097,-984
10,2,smcAC,9000,9000,1.0,False,0.9143440347433685,0
10,3,smcAC,9000,9000,1.0,False,0.8037177465634883,0
10,4,smcAC,9000,9000,1.0,False,0.8256977008571078,0
10,5,smcAC,9000,9000,1.0,False,0.9893634510059522,0
10,6,smcAC,9000,9000,1.0,False,0.8650111020381251,0
10,7,smcAC,9000,9000,1.0,False,0.8586805746594043,0
10,8,smcAC,9000,9000,1.0,False,0.8436414091008114,0
10,9,smcAC,9000,9000,1.0,False,0.8087615996191856,0
10,10,smcAC,9000,9000,1.0,False,0.7032719274912544,0
11,1,smcAC,7904,9000,0.8782222222222222,True,1.1397159397121785,-1096
11,2,smcAC,8528,9000,0.9475555555555556,True,1.261546804986367,-472
11,3,smcAC,7296,9000,0.8106666666666666,True,1.4232337341961585,-1704
11,4,smcAC,6976,9000,0.7751111111111111,True,1.2467586028080988,-2024
11,5,smcAC,6272,9000,0.6968888888888889,True,1.08318961986578,-2728
11,6,smcAC,8288,9000,0.9208888888888889,True,1.1153073992100513,-712
11,7,smcAC,9000,9000,1.0,False,0.9580543106216137,0
11,8,smcAC,6512,9000,0.7235555555555555,True,1.1485209327307997,-2488
11,9,smcAC,7888,9000,0.8764444444444445,True,1.1124906497349696,-1112
11,10,smcAC,9000,9000,1.0,False,0.996715077260493,0
11,11,smcAC,8144,9000,0.9048888888888889,True,1.037409030874031,-856
11,12,smcAC,6048,9000,0.672,True,1.070101937738839,-2952
11,13,smcAC,8112,9000,0.9013333333333333,True,1.0723161634123572,-888
11,14,smcAC,9000,9000,1.0,False,0.9834477463090238,0
11,15,smcAC,6640,9000,0.7377777777777778,True,1.1122907489581995,-2360
11,16,smcAC,9000,9000,1.0,False,0.8981666501256061,0
11,17,smcAC,9000,9000,1.0,False,0.8912198516343528,0
11,18,smcAC,9000,9000,1.0,False,0.7550105973882056,0
11,19,smcAC,9000,9000,1.0,False,0.7159074081380514,0
11,20,smcAC,9000,9000,1.0,False,0.6979422901487945,0
11,21,smcAC,9000,9000,1.0,False,0.85607476159153,0
11,22,smcAC,8080,9000,0.8977777777777778,True,1.3222589608595638,-920
11,23,smcAC,5984,9000,0.6648888888888889,True,1.08580340033501,-3016
12,1,smcAC,12016,15360,0.7822916666666667,True,1.4075369491812773,-3344
12,2,smcAC,7088,9000,0.7875555555555556,True,1.1682369893963906,66
12,3,smcAC,6880,9000,0.7644444444444445,True,1.425345815677326,50
12,4,smcAC,6864,9000,0.7626666666666667,True,2.0193616501987384,50
12,5,smcAC,7056,9000,0.784,True,1.4981728204846643,226
12,6,smcAC,7376,9000,0.8195555555555556,True,1.3181180667957897,338
12,7,smcAC,6336,9000,0.704,True,1.0129968035722974,-674
12,8,smcAC,9000,9000,1.0,False,0.9277035874767556,2010
12,9,smcAC,7136,9000,0.7928888888888889,True,1.1653924281581518,194
12,10,smcAC,7104,9000,0.7893333333333333,True,1.187157630001602,130
12,11,smcAC,8128,9000,0.9031111111111111,True,1.4694945849926524,1234
12,12,smcAC,8192,9000,0.9102222222222223,True,1.1643538163808862,1180
12,13,smcAC,9000,9000,1.0,False,0.9598996314704275,1994
12,14,smcAC,8576,9000,0.9528888888888889,True,1.1971463433051697,1522
12,15,smcAC,9000,9000,1.0,False,0.9014640360853223,2154
13,1,smcAC,6080,9000,0.6755555555555556,True,1.1257822632996082,-2920
13,2,smcAC,6832,9000,0.7591111111111111,True,1.2500651429690959,-2168
13,3,smcAC,5872,9000,0.6524444444444445,True,1.0580100781764215,-3128
13,4,smcAC,7088,9000,0.7875555555555556,True,1.2286902250738905,-1912
13,5,smcAC,6352,9000,0.7057777777777777,True,1.298793976983628,-2648
13,6,smcAC,9000,9000,1.0,False,0.990710251309459,0
13,7,smcAC,9000,9000,1.0,False,0.8548738425986199,0
13,8,smcAC,9000,9000,1.0,False,0.7986017799362659,0
13,9,smcAC,9000,9000,1.0,False,0.8978373350653371,0
13,10,smcAC,6768,9000,0.752,True,1.2834576730320002,-2232
13,11,smcAC,9000,9000,1.0,False,0.8489807576111832,0
13,12,smcAC,9000,9000,1.0,False,0.9884176622621322,0
13,13,smcAC,8480,9000,0.9422222222222222,True,1.0775975700224334,-520
13,14,smcAC,9000,9000,1.0,False,0.8559205944246653,0
13,15,smcAC,9000,9000,1.0,False,0.8010923336405464,0
14,1,smcAC,7936,9000,0.8817777777777778,True,1.0366556226599202,574
14,2,smcAC,9000,9000,1.0,False,0.9213673590012293,2076
14,3,smcAC,7776,9000,0.864,True,1.23173876342344,722
14,4,smcAC,8080,9000,0.8977777777777778,True,1.5622529585677276,978
14,5,smcAC,8112,9000,0.9013333333333333,True,1.2574314798274717,994
14,6,smcAC,7808,9000,0.8675555555555555,True,1.4112416255148397,770
14,8,smcAC,8016,9000,0.8906666666666667,True,1.19182497825279,902
14,9,smcAC,8432,9000,0.9368888888888889,True,1.3043780626759192,1208
14,10,smcAC,8080,9000,0.8977777777777778,True,1.0766761512304208,1042
15,1,smcAC,9000,9000,1.0,False,0.8005608446684079,0
15,2,smcAC,7360,9000,0.8177777777777778,True,1.0975765667468114,-1640
15,3,smcAC,6928,9000,0.7697777777777778,True,1.0756245888068718,-2072
15,4,smcAC,9000,9000,1.0,False,0.7999903811236387,0
15,5,smcAC,9000,9000,1.0,False,0.8990346842483425,0
15,6,smcAC,9000,9000,1.0,False,0.7563740763161995,0
15,7,smcAC,9000,9000,1.0,False,0.7206740458023616,0
16,1,smcAC,7184,9000,0.7982222222222223,True,1.2296984536813245,66
16,2,smcAC,7920,9000,0.88,True,1.1084634933471564,882
16,3,smcAC,7232,9000,0.8035555555555556,True,1.8464974428256025,18
16,4,smcAC,7904,9000,0.8782222222222222,True,1.1519123012071204,754
16,5,smcAC,7120,9000,0.7911111111111111,True,1.5402668090601643,-77
16,6,smcAC,7120,9000,0.7911111111111111,True,1.339114878576633,-14
1,1,vib_table,7472,9000,0.8302222222222222,True,1.7314551434390169,418
1,2,vib_table,7456,9000,0.8284444444444444,True,1.9670434974599083,210
1,3,vib_table,7408,9000,0.8231111111111111,True,1.312611801363035,162
1,4,vib_table,8576,9000,0.9528888888888889,True,4.798033223948713,1426
1,5,vib_table,7456,9000,0.8284444444444444,True,2.0213237681357614,50
1,6,vib_table,8560,9000,0.9511111111111111,True,2.0565050523356327,1202
1,7,vib_table,8592,9000,0.9546666666666667,True,2.8241126526346494,1922
1,8,vib_table,8496,9000,0.944,True,8.948688972068535,1122
1,9,vib_table,8368,9000,0.9297777777777778,True,2.55988835785173,1074
1,10,vib_table,8336,9000,0.9262222222222222,True,13.953836688161328,1096
1,11,vib_table,8576,9000,0.9528888888888889,True,2.4274514191059526,1226
1,12,vib_table,8576,9000,0.9528888888888889,True,2.063829020117265,738
1,13,vib_table,8576,9000,0.9528888888888889,True,4.112229816125952,962
1,14,vib_table,8432,9000,0.9368888888888889,True,1.8105735736391895,898
1,15,vib_table,8384,9000,0.9315555555555556,True,2.866278334785809,738
1,16,vib_table,8528,9000,0.9475555555555556,True,1.3651948940621466,1122
1,17,vib_table,6320,9000,0.7022222222222222,True,1.5563637521460572,-1050
2,1,vib_table,9000,9000,1.0,False,0.0,0
2,2,vib_table,8576,9000,0.9528888888888889,True,10.852325342006576,1282
2,3,vib_table,8128,9000,0.9031111111111111,True,7.9805797766249285,1282
2,4,vib_table,7376,9000,0.8195555555555556,True,2.221154757118506,-14
2,5,vib_table,8464,9000,0.9404444444444444,True,4.126763564933457,1186
2,6,vib_table,8560,9000,0.9511111111111111,True,2.0339773421275846,1378
2,7,vib_table,8352,9000,0.928,True,3.424651800568039,1106
2,8,vib_table,8176,9000,0.9084444444444445,True,3.3023191860194725,1010
2,9,vib_table,8240,9000,0.9155555555555556,True,1.9387795741890914,1122
2,10,vib_table,8352,9000,0.928,True,1.3750527079665142,178
2,11,vib_table,8256,9000,0.9173333333333333,True,3.1895734468704267,1314
2,12,vib_table,8256,9000,0.9173333333333333,True,5.186551409734395,1362
2,13,vib_table,8256,9000,0.9173333333333333,True,3.1723352882276794,1008
2,14,vib_table,6592,9000,0.7324444444444445,True,2.544469898738543,-1534
3,1,vib_table,8080,9000,0.8977777777777778,True,1.0501037319570976,-920
3,2,vib_table,9000,9000,1.0,False,0.9353880466827927,0
3,3,vib_table,6112,9000,0.6791111111111111,True,1.135759809251793,-2888
3,5,vib_table,7408,9000,0.8231111111111111,True,1.4115281461602769,-1592
3,6,vib_table,7536,9000,0.8373333333333334,True,1.0710470470755893,-1464
3,7,vib_table,6080,9000,0.6755555555555556,True,1.1610871655933805,-2920
3,8,vib_table,9000,9000,1.0,False,0.5784483996174529,0
3,9,vib_table,6592,9000,0.7324444444444445,True,1.107437948485645,-2408
3,10,vib_table,7568,9000,0.8408888888888889,True,1.3845465843557023,-1432
3,11,vib_table,8464,9000,0.9404444444444444,True,1.023503609989573,-536
3,12,vib_table,7120,9000,0.7911111111111111,True,1.8744371664545454,-1880
3,14,vib_table,7424,9000,0.8248888888888889,True,2.9102716066054013,-1576
3,15,vib_table,6528,9000,0.7253333333333334,True,1.5775496119248633,-2472
3,16,vib_table,6288,9000,0.6986666666666667,True,2.4591371903732044,-2712
4,1,vib_table,9000,9000,1.0,False,0.6932712419858593,0
4,2,vib_table,9000,9000,1.0,False,0.9048371926780777,0
4,3,vib_table,9000,9000,1.0,False,0.9767827963765695,0
4,4,vib_table,6416,9000,0.7128888888888889,True,1.1863640471988828,-2584
4,5,vib_table,7104,9000,0.7893333333333333,True,1.3527459807619753,-1896
4,6,vib_table,8352,9000,0.928,True,1.3295369068718108,-648
4,7,vib_table,8608,9000,0.9564444444444444,True,2.7115984837642864,-392
5,1,vib_table,8384,9000,0.9315555555555556,True,15.664207869633591,1378
5,2,vib_table,6848,9000,0.7608888888888888,True,22.98658191961785,-222
5,3,vib_table,8592,9000,0.9546666666666667,True,22.679962098928097,1410
5,4,vib_table,8560,9000,0.9511111111111111,True,27.48650224472409,1346
5,5,vib_table,8448,9000,0.9386666666666666,True,29.973622456057594,1150
5,6,vib_table,8480,9000,0.9422222222222222,True,17.465511778031498,1186
7,1,vib_table,9000,9000,1.0,False,0.9976368619462255,0
7,2,vib_table,9000,9000,1.0,False,0.5276281466257055,0
7,3,vib_table,9000,9000,1.0,False,0.4526798333130912,0
7,4,vib_table,8272,9000,0.9191111111111111,True,1.4839466686412017,-728
7,5,vib_table,5936,9000,0.6595555555555556,True,1.9092884463798134,-3064
7,6,vib_table,9000,9000,1.0,False,0.5762004552049781,0
7,7,vib_table,8384,9000,0.9315555555555556,True,1.1387535035233303,-616
7,8,vib_table,9000,9000,1.0,False,0.8519266562834967,0
8,1,vib_table,6848,9000,0.7608888888888888,True,56.76733805919834,-206
8,2,vib_table,6880,9000,0.7644444444444445,True,43.390416892714896,-282
8,3,vib_table,6848,9000,0.7608888888888888,True,13.255455866858965,-286
8,4,vib_table,6880,9000,0.7644444444444445,True,15.384057872899108,-222
8,5,vib_table,6928,9000,0.7697777777777778,True,20.404649601545184,-286
8,6,vib_table,5936,9000,0.6595555555555556,True,2.3358017046847244,-1167
9,1,vib_table,8368,9000,0.9297777777777778,True,12.830189089822015,1368
9,2,vib_table,8384,9000,0.9315555555555556,True,10.455472807471727,1426
9,3,vib_table,8288,9000,0.9208888888888889,True,4.1657413232980645,1346
9,4,vib_table,8288,9000,0.9208888888888889,True,3.9406011052367784,1266
9,5,vib_table,8320,9000,0.9244444444444444,True,4.135639108905454,1314
9,6,vib_table,8176,9000,0.9084444444444445,True,6.5701677630828765,1170
9,7,vib_table,8224,9000,0.9137777777777778,True,1.672403726555518,944
9,8,vib_table,8224,9000,0.9137777777777778,True,3.7520072255772914,913
9,9,vib_table,7008,9000,0.7786666666666666,True,2.4192154443540397,-94
10,1,vib_table,6208,9000,0.6897777777777778,True,1.63358320922894,-2792
10,2,vib_table,6496,9000,0.7217777777777777,True,1.335780248854584,-2504
10,3,vib_table,6160,9000,0.6844444444444444,True,1.500609014989986,-2840
10,4,vib_table,9000,9000,1.0,False,0.7711570160293325,0
10,5,vib_table,8080,9000,0.8977777777777778,True,1.1326430613722818,-920
10,6,vib_table,7072,9000,0.7857777777777778,True,1.319526727517748,-1928
10,7,vib_table,8560,9000,0.9511111111111111,True,1.5744554464582579,-440
10,8,vib_table,6064,9000,0.6737777777777778,True,3.991911327790696,-2936
10,9,vib_table,7680,9000,0.8533333333333334,True,1.2427428059180943,-1320
10,10,vib_table,7696,9000,0.8551111111111112,True,2.16593773791606,-1304
11,1,vib_table,7520,9000,0.8355555555555556,True,1.1809972006833807,-1480
11,2,vib_table,6768,9000,0.752,True,1.0003035352919063,-2232
11,3,vib_table,8128,9000,0.9031111111111111,True,2.030108937652682,-872
11,4,vib_table,9000,9000,1.0,False,0.8952650103592392,0
11,5,vib_table,6352,9000,0.7057777777777777,True,1.2695581266494642,-2648
11,6,vib_table,6048,9000,0.672,True,1.2198596960639394,-2952
11,7,vib_table,8160,9000,0.9066666666666666,True,1.0342499537136207,-840
11,8,vib_table,9000,9000,1.0,False,0.5917163157151898,0
11,9,vib_table,6544,9000,0.7271111111111112,True,3.3325297231964943,-2456
11,10,vib_table,7712,9000,0.8568888888888889,True,1.2301145139742646,-1288
11,11,vib_table,6352,9000,0.7057777777777777,True,1.105404605159583,-2648
11,12,vib_table,9000,9000,1.0,False,0.9219430069289903,0
11,13,vib_table,6336,9000,0.704,True,1.3702034840395836,-2664
11,14,vib_table,7920,9000,0.88,True,1.0045216527130136,-1080
11,15,vib_table,9000,9000,1.0,False,0.830255087040994,0
11,16,vib_table,9000,9000,1.0,False,0.7017495060068901,0
11,17,vib_table,8240,9000,0.9155555555555556,True,1.1062726956125193,-760
11,18,vib_table,6624,9000,0.736,True,1.0738727560269754,-2376
11,19,vib_table,9000,9000,1.0,False,0.7693574844712715,0
11,20,vib_table,7712,9000,0.8568888888888889,True,1.442097782613726,-1288
11,21,vib_table,8096,9000,0.8995555555555556,True,1.285286476612929,-904
11,22,vib_table,8240,9000,0.9155555555555556,True,2.189008042990733,-760
11,23,vib_table,5872,9000,0.6524444444444445,True,1.8754426321335367,-3128
12,1,vib_table,10192,15360,0.6635416666666667,True,1.4996289593186078,-5168
12,2,vib_table,8336,9000,0.9262222222222222,True,9.997742046801848,1314
12,3,vib_table,8096,9000,0.8995555555555556,True,10.462980257242261,1266
12,4,vib_table,8112,9000,0.9013333333333333,True,5.511968823596388,1298
12,5,vib_table,8000,9000,0.8888888888888888,True,3.449302332541357,1170
12,6,vib_table,7984,9000,0.8871111111111111,True,1.7455960540937616,946
12,7,vib_table,6736,9000,0.7484444444444445,True,9.754542580462166,-274
12,8,vib_table,7040,9000,0.7822222222222223,True,1.8142260659409617,50
12,9,vib_table,6992,9000,0.7768888888888889,True,2.0799077706107574,50
12,10,vib_table,7936,9000,0.8817777777777778,True,2.244248731025795,962
12,11,vib_table,8000,9000,0.8888888888888888,True,2.291534620699501,1106
12,12,vib_table,7008,9000,0.7786666666666666,True,2.1865210471704284,-4
12,13,vib_table,7568,9000,0.8408888888888889,True,2.703223513146715,562
12,14,vib_table,7024,9000,0.7804444444444445,True,5.25375416569316,-30
12,15,vib_table,6976,9000,0.7751111111111111,True,7.279076230035096,130
13,1,vib_table,6192,9000,0.688,True,3.8826168556123815,-2808
13,2,vib_table,9000,9000,1.0,False,0.8566088542640029,0
13,3,vib_table,5888,9000,0.6542222222222223,True,1.3283057900688668,-3112
13,4,vib_table,6912,9000,0.768,True,1.022534193984333,-2088
13,5,vib_table,6928,9000,0.7697777777777778,True,1.3995094981066973,-2072
13,6,vib_table,8400,9000,0.9333333333333333,True,1.1206525988631928,-600
13,7,vib_table,9000,9000,1.0,False,0.8767366488122422,0
13,8,vib_table,8480,9000,0.9422222222222222,True,1.0287781337865773,-520
13,9,vib_table,9000,9000,1.0,False,0.6647925532718181,0
13,10,vib_table,7616,9000,0.8462222222222222,True,1.7452844124563933,-1384
13,11,vib_table,5888,9000,0.6542222222222223,True,1.6308190029516545,-3112
13,12,vib_table,8560,9000,0.9511111111111111,True,1.5152893135012693,-440
13,13,vib_table,9000,9000,1.0,False,0.7448852636865929,0
13,14,vib_table,8288,9000,0.9208888888888889,True,1.6063763437998118,-712
13,15,vib_table,5920,9000,0.6577777777777778,True,2.1454007661638266,-3080
14,1,vib_table,7088,9000,0.7875555555555556,True,19.573703084472534,-274
14,2,vib_table,6656,9000,0.7395555555555555,True,43.67278592919552,-268
14,3,vib_table,6848,9000,0.7608888888888888,True,10.06629213603957,-206
14,4,vib_table,6912,9000,0.768,True,6.590296100605974,-190
14,5,vib_table,6912,9000,0.768,True,15.931267725109208,-206
14,6,vib_table,8368,9000,0.9297777777777778,True,13.381394856805517,1330
14,8,vib_table,8400,9000,0.9333333333333333,True,16.822561478819235,1286
14,9,vib_table,8464,9000,0.9404444444444444,True,9.207714553873668,1240
14,10,vib_table,8288,9000,0.9208888888888889,True,10.688413913612566,1250
15,1,vib_table,9000,9000,1.0,False,0.6840173781987655,0
15,2,vib_table,7696,9000,0.8551111111111112,True,1.6901170051052843,-1304
15,3,vib_table,9000,9000,1.0,False,0.49582545277712786,0
15,4,vib_table,9000,9000,1.0,False,0.9568727044484531,0
15,5,vib_table,7632,9000,0.848,True,1.2418948934201617,-1368
15,6,vib_table,7856,9000,0.8728888888888889,True,1.70163763026571,-1144
15,7,vib_table,8240,9000,0.9155555555555556,True,1.1890667101547232,-760
16,1,vib_table,6896,9000,0.7662222222222222,True,20.240660821528326,-222
16,2,vib_table,6784,9000,0.7537777777777778,True,24.49083588597476,-254
16,3,vib_table,6960,9000,0.7733333333333333,True,7.1273596527900205,-254
16,4,vib_table,8512,9000,0.9457777777777778,True,8.082846804809465,1362
16,5,vib_table,6240,9000,0.6933333333333334,True,32.54829495760484,-957
16,6,vib_table,6672,9000,0.7413333333333333,True,10.353356887846033,-462
1,1,vib_spindle,8416,9000,0.9351111111111111,True,1.6560332206239958,1362
1,2,vib_spindle,8384,9000,0.9315555555555556,True,2.8956599083191894,1138
1,3,vib_spindle,8320,9000,0.9244444444444444,True,3.3244195229233564,1074
1,4,vib_spindle,8320,9000,0.9244444444444444,True,5.585320505611381,1170
1,5,vib_spindle,8464,9000,0.9404444444444444,True,3.371450586985099,1058
1,6,vib_spindle,7616,9000,0.8462222222222222,True,8.026179473774372,258
1,7,vib_spindle,7232,9000,0.8035555555555556,True,2.7806179112661273,562
1,8,vib_spindle,7904,9000,0.8782222222222222,True,17.054988324982364,530
1,9,vib_spindle,7968,9000,0.8853333333333333,True,72.4749581304355,674
1,10,vib_spindle,7440,9000,0.8266666666666667,True,5.506036716973039,200
1,11,vib_spindle,8368,9000,0.9297777777777778,True,28.265219203952142,1018
1,12,vib_spindle,8336,9000,0.9262222222222222,True,2.6551393564733847,498
1,13,vib_spindle,7904,9000,0.8782222222222222,True,1.9719052230578313,290
1,14,vib_spindle,7472,9000,0.8302222222222222,True,2.7509920700775736,-62
1,15,vib_spindle,7552,9000,0.8391111111111111,True,1.6460003329072908,-94
1,16,vib_spindle,7328,9000,0.8142222222222222,True,1.6629324888588104,-78
1,17,vib_spindle,8480,9000,0.9422222222222222,True,2.273416922502619,1110
2,1,vib_spindle,9000,9000,1.0,False,0.0,0
2,2,vib_spindle,8384,9000,0.9315555555555556,True,2.562604929922376,1090
2,3,vib_spindle,7984,9000,0.8871111111111111,True,3.4582397858756946,1138
2,4,vib_spindle,8464,9000,0.9404444444444444,True,2.021931698899074,1074
2,5,vib_spindle,7584,9000,0.8426666666666667,True,37.232075455944,306
2,6,vib_spindle,8544,9000,0.9493333333333334,True,37.275455115837794,1362
2,7,vib_spindle,7696,9000,0.8551111111111112,True,38.47274516445747,450
2,8,vib_spindle,8608,9000,0.9564444444444444,True,10.754595967297682,1442
2,9,vib_spindle,7760,9000,0.8622222222222222,True,31.429650096589498,642
2,10,vib_spindle,8384,9000,0.9315555555555556,True,1.444538897460936,210
2,11,vib_spindle,7888,9000,0.8764444444444445,True,3.3183953082629976,946
2,12,vib_spindle,8464,9000,0.9404444444444444,True,490.22182251716174,1570
2,13,vib_spindle,6288,9000,0.6986666666666667,True,5.700793632431871,-960
2,14,vib_spindle,8320,9000,0.9244444444444444,True,2.288435691190082,194
3,1,vib_spindle,8544,9000,0.9493333333333334,True,4.430990580953061,-456
3,2,vib_spindle,8560,9000,0.9511111111111111,True,3.6305808345203068,-440
3,3,vib_spindle,7616,9000,0.8462222222222222,True,4.356971417752097,-1384
3,5,vib_spindle,8064,9000,0.896,True,6.177435420328538,-936
3,6,vib_spindle,6592,9000,0.7324444444444445,True,2.2311700939641868,-2408
3,7,vib_spindle,8032,9000,0.8924444444444445,True,4.070532858542118,-968
3,8,vib_spindle,7712,9000,0.8568888888888889,True,2.2003808057639582,-1288
3,9,vib_spindle,7184,9000,0.7982222222222223,True,8.327948039963102,-1816
3,10,vib_spindle,7568,9000,0.8408888888888889,True,5.213476421556639,-1432
3,11,vib_spindle,6864,9000,0.7626666666666667,True,2.1238739365825747,-2136
3,12,vib_spindle,6640,9000,0.7377777777777778,True,3.912644686298217,-2360
3,14,vib_spindle,6816,9000,0.7573333333333333,True,4.5937880139871705,-2184
3,15,vib_spindle,5952,9000,0.6613333333333333,True,2.296868695142162,-3048
3,16,vib_spindle,7344,9000,0.816,True,4.117300408560404,-1656
4,1,vib_spindle,6416,9000,0.7128888888888889,True,3.861826913778724,-2584
4,2,vib_spindle,7248,9000,0.8053333333333333,True,2.2342414253850507,-1752
4,3,vib_spindle,8544,9000,0.9493333333333334,True,3.0626485369725565,-456
4,4,vib_spindle,7520,9000,0.8355555555555556,True,1.568381884793563,-1480
4,5,vib_spindle,5904,9000,0.656,True,5.858697143679169,-3096
4,6,vib_spindle,6304,9000,0.7004444444444444,True,2.257123422324825,-2696
4,7,vib_spindle,6752,9000,0.7502222222222222,True,6.311717163409771,-2248
5,1,vib_spindle,7872,9000,0.8746666666666667,True,3.859123055871647,866
5,2,vib_spindle,8448,9000,0.9386666666666666,True,34.49594541052682,1378
5,3,vib_spindle,7600,9000,0.8444444444444444,True,5.105556412002871,418
5,4,vib_spindle,8512,9000,0.9457777777777778,True,12.647811397889077,1298
5,5,vib_spindle,7952,9000,0.8835555555555555,True,22.467248757465104,654
5,6,vib_spindle,8336,9000,0.9262222222222222,True,31.249840649337084,1042
7,1,vib_spindle,6848,9000,0.7608888888888888,True,3.679892928876986,-2152
7,2,vib_spindle,7856,9000,0.8728888888888889,True,4.094581015773996,-1144
7,3,vib_spindle,6480,9000,0.72,True,15.952109397989284,-2520
7,4,vib_spindle,8304,9000,0.9226666666666666,True,6.167682540683498,-696
7,5,vib_spindle,6672,9000,0.7413333333333333,True,64.76607036220676,-2328
7,6,vib_spindle,6624,9000,0.736,True,11.272407934900077,-2376
7,7,vib_spindle,8608,9000,0.9564444444444444,True,6.490915150063134,-392
7,8,vib_spindle,7328,9000,0.8142222222222222,True,1.4773655074125216,-1672
8,1,vib_spindle,6192,9000,0.688,True,5.013559769350511,-862
8,2,vib_spindle,5904,9000,0.656,True,2.076237087274574,-1258
8,3,vib_spindle,7968,9000,0.8853333333333333,True,2.1127588578926524,834
8,4,vib_spindle,5920,9000,0.6577777777777778,True,15.678748756510297,-1182
8,5,vib_spindle,6976,9000,0.7751111111111111,True,2.1797503776868417,-238
8,6,vib_spindle,6224,9000,0.6915555555555556,True,2.018153358996647,-879
9,1,vib_spindle,6400,9000,0.7111111111111111,True,1.783713533957039,-600
9,2,vib_spindle,8048,9000,0.8942222222222223,True,3.478500781104918,1090
9,3,vib_spindle,7184,9000,0.7982222222222223,True,3.1153131918913792,242
9,4,vib_spindle,7408,9000,0.8231111111111111,True,12.39954010895954,386
9,5,vib_spindle,8288,9000,0.9208888888888889,True,5.438170094917795,1282
9,6,vib_spindle,7920,9000,0.88,True,144.9960553743724,914
9,7,vib_spindle,8256,9000,0.9173333333333333,True,4.3580230149734955,976
9,8,vib_spindle,7856,9000,0.8728888888888889,True,1.7065634510184928,545
9,9,vib_spindle,6256,9000,0.6951111111111111,True,2.7660860428328884,-846
10,1,vib_spindle,8592,9000,0.9546666666666667,True,15.347826419480862,-408
10,2,vib_spindle,8384,9000,0.9315555555555556,True,10.657428068447215,-616
10,3,vib_spindle,7056,9000,0.784,True,3.012648532784991,-1944
10,4,vib_spindle,6176,9000,0.6862222222222222,True,4.398839449372201,-2824
10,5,vib_spindle,8016,9000,0.8906666666666667,True,2.942470629011734,-984
10,6,vib_spindle,5984,9000,0.6648888888888889,True,2.092239008127351,-3016
10,7,vib_spindle,8384,9000,0.9315555555555556,True,2.9236244224444294,-616
10,8,vib_spindle,7024,9000,0.7804444444444445,True,3.002186404660751,-1976
10,9,vib_spindle,6864,9000,0.7626666666666667,True,6.994904365393082,-2136
10,10,vib_spindle,7344,9000,0.816,True,35.75385216230443,-1656
11,1,vib_spindle,8368,9000,0.9297777777777778,True,4.116294806245517,-632
11,2,vib_spindle,6480,9000,0.72,True,3.6943170442961537,-2520
11,3,vib_spindle,7760,9000,0.8622222222222222,True,2.035758424154274,-1240
11,4,vib_spindle,7696,9000,0.8551111111111112,True,2.8696653680087763,-1304
11,5,vib_spindle,6608,9000,0.7342222222222222,True,3.2781379664934254,-2392
11,6,vib_spindle,7264,9000,0.8071111111111111,True,1.6895300049141149,-1736
11,7,vib_spindle,6256,9000,0.6951111111111111,True,2.9567124418613218,-2744
11,8,vib_spindle,6672,9000,0.7413333333333333,True,2.9450116413105922,-2328
11,9,vib_spindle,6688,9000,0.7431111111111111,True,4.9046722907278815,-2312
11,10,vib_spindle,6656,9000,0.7395555555555555,True,1.958303330653912,-2344
11,11,vib_spindle,6864,9000,0.7626666666666667,True,2.0945724743271588,-2136
11,12,vib_spindle,7376,9000,0.8195555555555556,True,1.2308951749440873,-1624
11,13,vib_spindle,7456,9000,0.8284444444444444,True,1.2787162999500012,-1544
11,14,vib_spindle,7312,9000,0.8124444444444444,True,1.951982402707471,-1688
11,15,vib_spindle,8080,9000,0.8977777777777778,True,4.471041420323208,-920
11,16,vib_spindle,8320,9000,0.9244444444444444,True,2.016987279666088,-680
11,17,vib_spindle,6480,9000,0.72,True,7.609377457599303,-2520
11,18,vib_spindle,6256,9000,0.6951111111111111,True,1.805716831940616,-2744
11,19,vib_spindle,7616,9000,0.8462222222222222,True,4.474454488694029,-1384
11,20,vib_spindle,6224,9000,0.6915555555555556,True,2.6357577017729996,-2776
11,21,vib_spindle,9000,9000,1.0,False,0.9233664281467528,0
11,22,vib_spindle,6800,9000,0.7555555555555555,True,4.6915480597922095,-2200
11,23,vib_spindle,7600,9000,0.8444444444444444,True,2.879287718306438,-1400
12,1,vib_spindle,13600,15360,0.8854166666666666,True,1.9105939933833085,-1760
12,2,vib_spindle,6160,9000,0.6844444444444444,True,38.76284027888955,-862
12,3,vib_spindle,6864,9000,0.7626666666666667,True,43.02194063075609,34
12,4,vib_spindle,7712,9000,0.8568888888888889,True,77.70888907158515,898
12,5,vib_spindle,8192,9000,0.9102222222222223,True,84.76464087778889,1362
12,6,vib_spindle,8432,9000,0.9368888888888889,True,34.46571547696778,1394
12,7,vib_spindle,8352,9000,0.928,True,29.38751610387761,1342
12,8,vib_spindle,8368,9000,0.9297777777777778,True,107.98954496596663,1378
12,9,vib_spindle,6112,9000,0.6791111111111111,True,2.6279070340417485,-830
12,10,vib_spindle,7824,9000,0.8693333333333333,True,95.28142239479868,850
12,11,vib_spindle,8288,9000,0.9208888888888889,True,4.187841759539763,1394
12,12,vib_spindle,6576,9000,0.7306666666666667,True,1.4296005175873256,-436
12,13,vib_spindle,7888,9000,0.8764444444444445,True,11.415340112341905,882
12,14,vib_spindle,8192,9000,0.9102222222222223,True,2.184207303655703,1138
12,15,vib_spindle,7152,9000,0.7946666666666666,True,3.7458454408992568,306
13,1,vib_spindle,7408,9000,0.8231111111111111,True,1.302326935857631,-1592
13,2,vib_spindle,6336,9000,0.704,True,3.840960399926405,-2664
13,3,vib_spindle,6272,9000,0.6968888888888889,True,6.766999974845454,-2728
13,4,vib_spindle,7168,9000,0.7964444444444444,True,3.3930738872940367,-1832
13,5,vib_spindle,7888,9000,0.8764444444444445,True,5.523026083307646,-1112
13,6,vib_spindle,6816,9000,0.7573333333333333,True,2.861365920525414,-2184
13,7,vib_spindle,7232,9000,0.8035555555555556,True,1.724924810927275,-1768
13,8,vib_spindle,6464,9000,0.7182222222222222,True,1.6436858911781524,-2536
13,9,vib_spindle,9000,9000,1.0,False,0.9967617829575907,0
13,10,vib_spindle,8032,9000,0.8924444444444445,True,1.9377652420919205,-968
13,11,vib_spindle,8240,9000,0.9155555555555556,True,4.268472597815193,-760
13,12,vib_spindle,8464,9000,0.9404444444444444,True,5.007228137061121,-536
13,13,vib_spindle,6640,9000,0.7377777777777778,True,1.227081069826047,-2360
13,14,vib_spindle,6464,9000,0.7182222222222222,True,2.224503939517629,-2536
13,15,vib_spindle,7760,9000,0.8622222222222222,True,9.04126429764404,-1240
14,1,vib_spindle,8336,9000,0.9262222222222222,True,3.898275574206891,974
14,2,vib_spindle,7200,9000,0.8,True,87.87370724500732,276
14,3,vib_spindle,7120,9000,0.7911111111111111,True,26.88750336987367,66
14,4,vib_spindle,8496,9000,0.944,True,16.38951337359786,1394
14,5,vib_spindle,8304,9000,0.9226666666666666,True,36.45282870775537,1186
14,6,vib_spindle,7056,9000,0.784,True,21.53716267128186,18
14,8,vib_spindle,8400,9000,0.9333333333333333,True,30.18186164574337,1286
14,9,vib_spindle,8416,9000,0.9351111111111111,True,30.41635669969866,1192
14,10,vib_spindle,6480,9000,0.72,True,28.36847193797453,-558
15,1,vib_spindle,7776,9000,0.864,True,1.3257323430784493,-1224
15,2,vib_spindle,7408,9000,0.8231111111111111,True,56.59908169193337,-1592
15,3,vib_spindle,6064,9000,0.6737777777777778,True,3.3427851208882626,-2936
15,4,vib_spindle,7424,9000,0.8248888888888889,True,110.03005678773471,-1576
15,5,vib_spindle,6128,9000,0.6808888888888889,True,41.64953014163015,-2872
15,6,vib_spindle,7264,9000,0.8071111111111111,True,1.1987748794294835,-1736
15,7,vib_spindle,7072,9000,0.7857777777777778,True,48.55609726743621,-1928
16,1,vib_spindle,7712,9000,0.8568888888888889,True,31.985755211825417,594
16,2,vib_spindle,8480,9000,0.9422222222222222,True,3.793422908960824,1442
16,3,vib_spindle,6208,9000,0.6897777777777778,True,2.462034613312135,-1006
16,4,vib_spindle,8512,9000,0.9457777777777778,True,24.614948127635916,1362
16,5,vib_spindle,8432,9000,0.9368888888888889,True,45.82882477524604,1235
16,6,vib_spindle,8288,9000,0.9208888888888889,True,59.73526679866373,1154
1,1,AE_table,7728,9000,0.8586666666666667,True,4.038692708797014,674
1,2,AE_table,6704,9000,0.7448888888888889,True,2.571096360250641,-542
1,3,AE_table,7056,9000,0.784,True,3.239218897455847,-190
1,4,AE_table,7280,9000,0.8088888888888889,True,6.064597661922102,130
1,5,AE_table,6384,9000,0.7093333333333334,True,2.6259748418362974,-1022
1,6,AE_table,7136,9000,0.7928888888888889,True,2.6861518628603482,-222
1,7,AE_table,7200,9000,0.8,True,5.403818211237666,530
1,8,AE_table,7760,9000,0.8622222222222222,True,3.053005958282384,386
1,9,AE_table,8592,9000,0.9546666666666667,True,2.961116594145288,1298
1,10,AE_table,8512,9000,0.9457777777777778,True,22.174194118343195,1272
1,11,AE_table,8608,9000,0.9564444444444444,True,20.893910714589385,1258
1,12,AE_table,6752,9000,0.7502222222222222,True,5.541992539419169,-1086
1,13,AE_table,7760,9000,0.8622222222222222,True,5.7947910492428445,146
1,14,AE_table,7440,9000,0.8266666666666667,True,5.056461932294565,-94
1,15,AE_table,6496,9000,0.7217777777777777,True,2.423528609627649,-1150
1,16,AE_table,7280,9000,0.8088888888888889,True,4.519299120033064,-126
1,17,AE_table,8464,9000,0.9404444444444444,True,12.423252987091967,1094
2,1,AE_table,9000,9000,1.0,False,0.0,0
2,2,AE_table,5872,9000,0.6524444444444445,True,2.1654213656068215,-1422
2,3,AE_table,6784,9000,0.7537777777777778,True,3.7849034088030686,-62
2,4,AE_table,6880,9000,0.7644444444444445,True,5.222050598170753,-510
2,5,AE_table,8032,9000,0.8924444444444445,True,10.841493337507307,754
2,6,AE_table,6816,9000,0.7573333333333333,True,2.54268706830527,-366
2,7,AE_table,8448,9000,0.9386666666666666,True,8.20094466913878,1202
2,8,AE_table,8560,9000,0.9511111111111111,True,11.65585095400673,1394
2,9,AE_table,6208,9000,0.6897777777777778,True,4.353938333064106,-910
2,10,AE_table,8224,9000,0.9137777777777778,True,3.299657555363525,50
2,11,AE_table,7728,9000,0.8586666666666667,True,6.227700898560203,786
2,12,AE_table,8512,9000,0.9457777777777778,True,5.838887857258069,1618
2,13,AE_table,7488,9000,0.832,True,5.692132138706254,240
2,14,AE_table,8528,9000,0.9475555555555556,True,3.084515863536131,402
3,1,AE_table,7616,9000,0.8462222222222222,True,5.038276994600437,-1384
3,2,AE_table,6528,9000,0.7253333333333334,True,2.8497818018320067,-2472
3,3,AE_table,5872,9000,0.6524444444444445,True,3.145893560858246,-3128
3,5,AE_table,7424,9000,0.8248888888888889,True,5.328235677498634,-1576
3,6,AE_table,7792,9000,0.8657777777777778,True,6.181036578043976,-1208
3,7,AE_table,7392,9000,0.8213333333333334,True,5.212221586685004,-1608
3,8,AE_table,6064,9000,0.6737777777777778,True,4.3757887478805255,-2936
3,9,AE_table,5952,9000,0.6613333333333333,True,4.1196545022373945,-3048
3,10,AE_table,7328,9000,0.8142222222222222,True,23.04624915101497,-1672
3,11,AE_table,8368,9000,0.9297777777777778,True,3.83577927729679,-632
3,12,AE_table,6208,9000,0.6897777777777778,True,7.399939299174236,-2792
3,14,AE_table,6496,9000,0.7217777777777777,True,12.32765978269394,-2504
3,15,AE_table,6592,9000,0.7324444444444445,True,3.154062250115693,-2408
3,16,AE_table,7568,9000,0.8408888888888889,True,4.679318739788164,-1432
4,1,AE_table,7888,9000,0.8764444444444445,True,3.6449645167666485,-1112
4,2,AE_table,6512,9000,0.7235555555555555,True,3.701419119319515,-2488
4,3,AE_table,6176,9000,0.6862222222222222,True,1.5228369399649904,-2824
4,4,AE_table,6320,9000,0.7022222222222222,True,8.085263631857304,-2680
4,5,AE_table,6736,9000,0.7484444444444445,True,6.835869690522637,-2264
4,6,AE_table,7248,9000,0.8053333333333333,True,3.98396221074226,-1752
4,7,AE_table,7808,9000,0.8675555555555555,True,4.761202740878268,-1192
5,1,AE_table,8416,9000,0.9351111111111111,True,33.00892412121614,1410
5,2,AE_table,8528,9000,0.9475555555555556,True,79.7327238745302,1458
5,3,AE_table,8608,9000,0.9564444444444444,True,28.493793190812937,1426
5,4,AE_table,8608,9000,0.9564444444444444,True,65.15497115135307,1394
5,5,AE_table,8496,9000,0.944,True,86.44674575150704,1198
5,6,AE_table,8512,9000,0.9457777777777778,True,75.66614497000758,1218
7,1,AE_table,6720,9000,0.7466666666666667,True,1.4304201798892393,-2280
7,2,AE_table,8432,9000,0.9368888888888889,True,1.2351519010521221,-568
7,3,AE_table,6576,9000,0.7306666666666667,True,1.2670569187721117,-2424
7,4,AE_table,8064,9000,0.896,True,8.349416695177146,-936
7,5,AE_table,7520,9000,0.8355555555555556,True,1.5996605108827813,-1480
7,6,AE_table,7360,9000,0.8177777777777778,True,1.3341719778228118,-1640
7,7,AE_table,7456,9000,0.8284444444444444,True,1.754493594392658,-1544
7,8,AE_table,5904,9000,0.656,True,1.7179034491919791,-3096
8,1,AE_table,8528,9000,0.9475555555555556,True,20.201683742814822,1474
8,2,AE_table,8512,9000,0.9457777777777778,True,19.635396838703038,1350
8,3,AE_table,6704,9000,0.7448888888888889,True,9.893090568801776,-430
8,4,AE_table,8544,9000,0.9493333333333334,True,10.040648426287477,1442
8,5,AE_table,8592,9000,0.9546666666666667,True,17.644225055591487,1378
8,6,AE_table,8512,9000,0.9457777777777778,True,57.88532762587999,1409
9,1,AE_table,5952,9000,0.6613333333333333,True,3.1332445671249696,-1048
9,2,AE_table,6416,9000,0.7128888888888889,True,4.037683950465789,-542
9,3,AE_table,6256,9000,0.6951111111111111,True,9.649813813016184,-686
9,4,AE_table,8448,9000,0.9386666666666666,True,27.988345242788863,1426
9,5,AE_table,8512,9000,0.9457777777777778,True,25.63108099094586,1506
9,6,AE_table,8416,9000,0.9351111111111111,True,22.030017672379273,1410
9,7,AE_table,8496,9000,0.944,True,30.64048628428945,1216
9,8,AE_table,8496,9000,0.944,True,45.91373377281159,1185
9,9,AE_table,8368,9000,0.9297777777777778,True,7.347077067708146,1266
10,1,AE_table,6976,9000,0.7751111111111111,True,2.8736189195744335,-2024
10,2,AE_table,6592,9000,0.7324444444444445,True,23.534321607562546,-2408
10,3,AE_table,8400,9000,0.9333333333333333,True,4.607653049317682,-600
10,4,AE_table,6768,9000,0.752,True,3.0179533207005735,-2232
10,5,AE_table,7072,9000,0.7857777777777778,True,4.863886813263523,-1928
10,6,AE_table,6976,9000,0.7751111111111111,True,3.888142886221238,-2024
10,7,AE_table,8240,9000,0.9155555555555556,True,2.365919254617704,-760
10,8,AE_table,6432,9000,0.7146666666666667,True,1.9608262135664234,-2568
10,9,AE_table,6304,9000,0.7004444444444444,True,4.608975167440267,-2696
10,10,AE_table,7328,9000,0.8142222222222222,True,5.3402737411969055,-1672
11,1,AE_table,8448,9000,0.9386666666666666,True,1.5877892559369833,-552
11,2,AE_table,8192,9000,0.9102222222222223,True,3.7839612298642247,-808
11,3,AE_table,7248,9000,0.8053333333333333,True,2.256603574244674,-1752
11,4,AE_table,8032,9000,0.8924444444444445,True,3.31597722065739,-968
11,5,AE_table,6672,9000,0.7413333333333333,True,2.34287675574883,-2328
11,6,AE_table,8176,9000,0.9084444444444445,True,4.359554875005466,-824
11,7,AE_table,8128,9000,0.9031111111111111,True,2.62065733983586,-872
11,8,AE_table,7008,9000,0.7786666666666666,True,3.3948591767258134,-1992
11,9,AE_table,7344,9000,0.816,True,4.324258829103814,-1656
11,10,AE_table,7008,9000,0.7786666666666666,True,2.9440075996713344,-1992
11,11,AE_table,7648,9000,0.8497777777777777,True,5.830582757956344,-1352
11,12,AE_table,7728,9000,0.8586666666666667,True,2.612547981489325,-1272
11,13,AE_table,6288,9000,0.6986666666666667,True,29.500241369198992,-2712
11,14,AE_table,7424,9000,0.8248888888888889,True,5.662095803560407,-1576
11,15,AE_table,6624,9000,0.736,True,5.36418464779,-2376
11,16,AE_table,5888,9000,0.6542222222222223,True,4.389358696673278,-3112
11,17,AE_table,8016,9000,0.8906666666666667,True,3.461797939453427,-984
11,18,AE_table,7472,9000,0.8302222222222222,True,5.943692045339447,-1528
11,19,AE_table,6176,9000,0.6862222222222222,True,2.3246026243595406,-2824
11,20,AE_table,8320,9000,0.9244444444444444,True,6.730119739641854,-680
11,21,AE_table,6624,9000,0.736,True,5.518793312119287,-2376
11,22,AE_table,7040,9000,0.7822222222222223,True,4.053073909737312,-1960
11,23,AE_table,8304,9000,0.9226666666666666,True,5.926088257790049,-696
12,1,AE_table,11392,15360,0.7416666666666667,True,1.5670028105639782,-3968
12,2,AE_table,7008,9000,0.7786666666666666,True,4.53235899652589,-14
12,3,AE_table,6416,9000,0.7128888888888889,True,6.277250842946009,-414
12,4,AE_table,6320,9000,0.7022222222222222,True,3.689109774936458,-494
12,5,AE_table,8256,9000,0.9173333333333333,True,10.640712992836296,1426
12,6,AE_table,6144,9000,0.6826666666666666,True,9.742163423290675,-894
12,7,AE_table,8064,9000,0.896,True,3.9647182625551616,1054
12,8,AE_table,8576,9000,0.9528888888888889,True,2.501230896119177,1586
12,9,AE_table,8352,9000,0.928,True,7.79732894386487,1410
12,10,AE_table,8320,9000,0.9244444444444444,True,10.07348364772518,1346
12,11,AE_table,8320,9000,0.9244444444444444,True,4.435634072762988,1426
12,12,AE_table,8352,9000,0.928,True,3.8441446386721103,1340
12,13,AE_table,6896,9000,0.7662222222222222,True,3.2645073051296962,-110
12,14,AE_table,8320,9000,0.9244444444444444,True,5.482786099890763,1266
12,15,AE_table,8256,9000,0.9173333333333333,True,3.9221074441892614,1410
13,1,AE_table,6464,9000,0.7182222222222222,True,3.050190879720352,-2536
13,2,AE_table,7904,9000,0.8782222222222222,True,2.866240085422541,-1096
13,3,AE_table,5920,9000,0.6577777777777778,True,2.4698941776404277,-3080
13,4,AE_table,7472,9000,0.8302222222222222,True,2.146697593461796,-1528
13,5,AE_table,7520,9000,0.8355555555555556,True,1.651819178811495,-1480
13,6,AE_table,7248,9000,0.8053333333333333,True,3.1552565831019033,-1752
13,7,AE_table,6304,9000,0.7004444444444444,True,1.6076574898915816,-2696
13,8,AE_table,6304,9000,0.7004444444444444,True,2.502903832071219,-2696
13,9,AE_table,8384,9000,0.9315555555555556,True,1.1603085948668168,-616
13,10,AE_table,7664,9000,0.8515555555555555,True,2.8115604140635764,-1336
13,11,AE_table,8192,9000,0.9102222222222223,True,2.2497774618178057,-808
13,12,AE_table,6048,9000,0.672,True,1.554335939774146,-2952
13,13,AE_table,8304,9000,0.9226666666666666,True,1.271776105029335,-696
13,14,AE_table,6064,9000,0.6737777777777778,True,1.860310252398125,-2936
13,15,AE_table,6176,9000,0.6862222222222222,True,1.813842901058375,-2824
14,1,AE_table,7104,9000,0.7893333333333333,True,10.476580170493081,-258
14,2,AE_table,8336,9000,0.9262222222222222,True,36.747756854423876,1412
14,3,AE_table,6832,9000,0.7591111111111111,True,11.488875111525944,-222
14,4,AE_table,8560,9000,0.9511111111111111,True,25.24668307556513,1458
14,5,AE_table,8560,9000,0.9511111111111111,True,30.05007784166958,1442
14,6,AE_table,8432,9000,0.9368888888888889,True,43.06145622462208,1394
14,8,AE_table,8496,9000,0.944,True,71.16423285119225,1382
14,9,AE_table,8528,9000,0.9475555555555556,True,16.667198333366848,1304
14,10,AE_table,8416,9000,0.9351111111111111,True,52.31981850327534,1378
15,1,AE_table,8592,9000,0.9546666666666667,True,1.4514514032429313,-408
15,2,AE_table,5984,9000,0.6648888888888889,True,1.5050632663944028,-3016
15,3,AE_table,7760,9000,0.8622222222222222,True,1.3775268123022446,-1240
15,4,AE_table,9000,9000,1.0,False,0.9438611399072555,0
15,5,AE_table,7616,9000,0.8462222222222222,True,1.3339683783097323,-1384
15,6,AE_table,6896,9000,0.7662222222222222,True,1.4143501342338713,-2104
15,7,AE_table,8368,9000,0.9297777777777778,True,1.3885378304647416,-632
16,1,AE_table,6880,9000,0.7644444444444445,True,13.81201941352989,-238
16,2,AE_table,8480,9000,0.9422222222222222,True,73.29904184168979,1442
16,3,AE_table,8608,9000,0.9564444444444444,True,26.729652125943126,1394
16,4,AE_table,8576,9000,0.9528888888888889,True,110.76259322200931,1426
16,5,AE_table,8512,9000,0.9457777777777778,True,152.66432616048624,1315
16,6,AE_table,8528,9000,0.9475555555555556,True,130.53196068470464,1394
1,1,AE_spindle,7824,9000,0.8693333333333333,True,2.94149989148273,770
1,2,AE_spindle,7968,9000,0.8853333333333333,True,4.4784376309248035,722
1,3,AE_spindle,8000,9000,0.8888888888888888,True,8.90457654263742,754
1,4,AE_spindle,5968,9000,0.6631111111111111,True,5.126621946920035,-1182
1,5,AE_spindle,7712,9000,0.8568888888888889,True,6.880649752481174,306
1,6,AE_spindle,7472,9000,0.8302222222222222,True,1.6463390000858422,114
1,7,AE_spindle,7344,9000,0.816,True,3.6499509735123126,674
1,8,AE_spindle,7568,9000,0.8408888888888889,True,7.292183717091205,194
1,9,AE_spindle,7472,9000,0.8302222222222222,True,3.1238618077096665,178
1,10,AE_spindle,8544,9000,0.9493333333333334,True,31.968347911790055,1304
1,11,AE_spindle,7472,9000,0.8302222222222222,True,19.80960210874216,122
1,12,AE_spindle,7760,9000,0.8622222222222222,True,3.089860157605403,-78
1,13,AE_spindle,7536,9000,0.8373333333333334,True,4.833887190993276,-78
1,14,AE_spindle,7456,9000,0.8284444444444444,True,5.239761818517785,-78
1,15,AE_spindle,7936,9000,0.8817777777777778,True,4.349156272800948,290
1,16,AE_spindle,7472,9000,0.8302222222222222,True,7.483369496088237,66
1,17,AE_spindle,7072,9000,0.7857777777777778,True,6.554789927805767,-298
2,1,AE_spindle,9000,9000,1.0,False,0.0,0
2,2,AE_spindle,6192,9000,0.688,True,3.057251066263931,-1102
2,3,AE_spindle,7728,9000,0.8586666666666667,True,6.1218284569889905,882
2,4,AE_spindle,7616,9000,0.8462222222222222,True,8.361265536925856,226
2,5,AE_spindle,7328,9000,0.8142222222222222,True,6.642664133362471,50
2,6,AE_spindle,7072,9000,0.7857777777777778,True,1.4614948561606687,-110
2,7,AE_spindle,5872,9000,0.6524444444444445,True,4.811797572547693,-1374
2,8,AE_spindle,6304,9000,0.7004444444444444,True,3.968901473231768,-862
2,9,AE_spindle,8576,9000,0.9528888888888889,True,4.5832171641034956,1458
2,10,AE_spindle,8240,9000,0.9155555555555556,True,4.613383106791752,66
2,11,AE_spindle,7456,9000,0.8284444444444444,True,5.283239781062898,514
2,12,AE_spindle,7568,9000,0.8408888888888889,True,11.226061367825816,674
2,13,AE_spindle,8512,9000,0.9457777777777778,True,4.53688120092513,1264
2,14,AE_spindle,7040,9000,0.7822222222222223,True,5.451769526624856,-1086
3,1,AE_spindle,6176,9000,0.6862222222222222,True,6.096335701520771,-2824
3,2,AE_spindle,7248,9000,0.8053333333333333,True,2.9220311861602872,-1752
3,3,AE_spindle,8336,9000,0.9262222222222222,True,1.3782835155784292,-664
3,5,AE_spindle,8336,9000,0.9262222222222222,True,4.908515582029363,-664
3,6,AE_spindle,8240,9000,0.9155555555555556,True,1.9182280643413516,-760
3,7,AE_spindle,8464,9000,0.9404444444444444,True,4.0181367809998605,-536
3,8,AE_spindle,6192,9000,0.688,True,1.8143177522536138,-2808
3,9,AE_spindle,8032,9000,0.8924444444444445,True,2.0886254201554064,-968
3,10,AE_spindle,8560,9000,0.9511111111111111,True,5.229130692292432,-440
3,11,AE_spindle,7888,9000,0.8764444444444445,True,2.7317068498846204,-1112
3,12,AE_spindle,7840,9000,0.8711111111111111,True,3.8017190810361177,-1160
3,14,AE_spindle,6464,9000,0.7182222222222222,True,11.774571044856023,-2536
3,15,AE_spindle,7680,9000,0.8533333333333334,True,6.466600108010336,-1320
3,16,AE_spindle,7536,9000,0.8373333333333334,True,3.800610052105364,-1464
4,1,AE_spindle,8272,9000,0.9191111111111111,True,2.244163422985415,-728
4,2,AE_spindle,7248,9000,0.8053333333333333,True,4.062350526397343,-1752
4,3,AE_spindle,8512,9000,0.9457777777777778,True,11.42279778479684,-488
4,4,AE_spindle,7296,9000,0.8106666666666666,True,6.358214936626811,-1704
4,5,AE_spindle,6432,9000,0.7146666666666667,True,4.017244293934426,-2568
4,6,AE_spindle,6272,9000,0.6968888888888889,True,14.335270655265326,-2728
4,7,AE_spindle,8352,9000,0.928,True,3.5061980724984254,-648
5,1,AE_spindle,6928,9000,0.7697777777777778,True,4.671756725465256,-78
5,2,AE_spindle,8528,9000,0.9475555555555556,True,31.563666160815806,1458
5,3,AE_spindle,6928,9000,0.7697777777777778,True,18.505932706467547,-254
5,4,AE_spindle,8608,9000,0.9564444444444444,True,33.19916025998487,1394
5,5,AE_spindle,8496,9000,0.944,True,97.01193697834053,1198
5,6,AE_spindle,8512,9000,0.9457777777777778,True,43.74830896002151,1218
7,1,AE_spindle,7856,9000,0.8728888888888889,True,2.579494255280376,-1144
7,2,AE_spindle,8432,9000,0.9368888888888889,True,1.5978500566543712,-568
7,3,AE_spindle,7824,9000,0.8693333333333333,True,1.7638671410289595,-1176
7,4,AE_spindle,6896,9000,0.7662222222222222,True,2.1281738967124717,-2104
7,5,AE_spindle,7888,9000,0.8764444444444445,True,1.6536064593686244,-1112
7,6,AE_spindle,7200,9000,0.8,True,3.2641636313690428,-1800
7,7,AE_spindle,6832,9000,0.7591111111111111,True,2.0182535666750696,-2168
7,8,AE_spindle,7344,9000,0.816,True,2.331974545788133,-1656
8,1,AE_spindle,8528,9000,0.9475555555555556,True,3.7621980698746174,1474
8,2,AE_spindle,8544,9000,0.9493333333333334,True,30.949387571530142,1382
8,3,AE_spindle,8512,9000,0.9457777777777778,True,13.830674591480339,1378
8,4,AE_spindle,8576,9000,0.9528888888888889,True,49.69290556681567,1474
8,5,AE_spindle,8576,9000,0.9528888888888889,True,11.157969636458544,1362
8,6,AE_spindle,8496,9000,0.944,True,16.13287430424638,1393
9,1,AE_spindle,7024,9000,0.7804444444444445,True,4.459242619920187,24
9,2,AE_spindle,5984,9000,0.6648888888888889,True,4.282041548871127,-974
9,3,AE_spindle,7216,9000,0.8017777777777778,True,7.221503510099507,274
9,4,AE_spindle,7072,9000,0.7857777777777778,True,3.101408325022972,50
9,5,AE_spindle,8496,9000,0.944,True,8.199989801465069,1490
9,6,AE_spindle,8416,9000,0.9351111111111111,True,7.04760424197336,1410
9,7,AE_spindle,7088,9000,0.7875555555555556,True,3.8751620665673725,-192
9,8,AE_spindle,7040,9000,0.7822222222222223,True,16.609438742020203,-271
9,9,AE_spindle,8240,9000,0.9155555555555556,True,9.28093053518534,1138
10,1,AE_spindle,6512,9000,0.7235555555555555,True,3.566524278136729,-2488
10,2,AE_spindle,7728,9000,0.8586666666666667,True,1.177224124400337,-1272
10,3,AE_spindle,8048,9000,0.8942222222222223,True,8.23682857046256,-952
10,4,AE_spindle,7472,9000,0.8302222222222222,True,4.045516089946424,-1528
10,5,AE_spindle,7072,9000,0.7857777777777778,True,2.513011310013266,-1928
10,6,AE_spindle,7024,9000,0.7804444444444445,True,3.5644508107482924,-1976
10,7,AE_spindle,6544,9000,0.7271111111111112,True,1.6625895007435816,-2456
10,8,AE_spindle,6688,9000,0.7431111111111111,True,3.5842683081684745,-2312
10,9,AE_spindle,8368,9000,0.9297777777777778,True,6.218654594186173,-632
10,10,AE_spindle,8320,9000,0.9244444444444444,True,5.715206331236294,-680
11,1,AE_spindle,7808,9000,0.8675555555555555,True,2.7051996381364822,-1192
11,2,AE_spindle,8352,9000,0.928,True,4.584013451080409,-648
11,3,AE_spindle,6480,9000,0.72,True,2.830755725304373,-2520
11,4,AE_spindle,8192,9000,0.9102222222222223,True,2.709895662906444,-808
11,5,AE_spindle,6464,9000,0.7182222222222222,True,7.091947371760201,-2536
11,6,AE_spindle,8080,9000,0.8977777777777778,True,2.0626135092693256,-920
11,7,AE_spindle,8064,9000,0.896,True,5.6468973517448795,-936
11,8,AE_spindle,6192,9000,0.688,True,7.187344514343051,-2808
11,9,AE_spindle,7392,9000,0.8213333333333334,True,2.720641145821293,-1608
11,10,AE_spindle,8064,9000,0.896,True,3.044370331310296,-936
11,11,AE_spindle,6592,9000,0.7324444444444445,True,3.4081359861105938,-2408
11,12,AE_spindle,8592,9000,0.9546666666666667,True,2.4635432925404417,-408
11,13,AE_spindle,7776,9000,0.864,True,3.560978629062954,-1224
11,14,AE_spindle,7168,9000,0.7964444444444444,True,6.731275655304898,-1832
11,15,AE_spindle,5888,9000,0.6542222222222223,True,3.014462734741427,-3112
11,16,AE_spindle,8224,9000,0.9137777777777778,True,2.551101964482803,-776
11,17,AE_spindle,8576,9000,0.9528888888888889,True,2.2456458898768705,-424
11,18,AE_spindle,6224,9000,0.6915555555555556,True,5.277881376327278,-2776
11,19,AE_spindle,7296,9000,0.8106666666666666,True,4.04835098039301,-1704
11,20,AE_spindle,7728,9000,0.8586666666666667,True,4.724248403133486,-1272
11,21,AE_spindle,6704,9000,0.7448888888888889,True,3.2472775136759773,-2296
11,22,AE_spindle,6000,9000,0.6666666666666666,True,6.548931542603458,-3000
11,23,AE_spindle,7216,9000,0.8017777777777778,True,8.058401155160299,-1784
12,1,AE_spindle,14640,15360,0.953125,True,1.0567922383734953,-720
12,2,AE_spindle,7136,9000,0.7928888888888889,True,3.987769521373111,114
12,3,AE_spindle,7584,9000,0.8426666666666667,True,3.7100443765438054,754
12,4,AE_spindle,8256,9000,0.9173333333333333,True,3.2408962075202608,1442
12,5,AE_spindle,8272,9000,0.9191111111111111,True,4.815321741183536,1442
12,6,AE_spindle,8464,9000,0.9404444444444444,True,11.778355841759952,1426
12,7,AE_spindle,8208,9000,0.912,True,5.3654486936601025,1198
12,8,AE_spindle,8432,9000,0.9368888888888889,True,6.875904243459539,1442
12,9,AE_spindle,6944,9000,0.7715555555555556,True,11.311069382531075,2
12,10,AE_spindle,6880,9000,0.7644444444444445,True,5.5212790003495265,-94
12,11,AE_spindle,8304,9000,0.9226666666666666,True,20.099559062066252,1410
12,12,AE_spindle,8400,9000,0.9333333333333333,True,7.539544461284963,1388
12,13,AE_spindle,8544,9000,0.9493333333333334,True,7.910014756103287,1538
12,14,AE_spindle,6976,9000,0.7751111111111111,True,7.44041279017045,-78
12,15,AE_spindle,6832,9000,0.7591111111111111,True,6.025154712054389,-14
13,1,AE_spindle,6320,9000,0.7022222222222222,True,2.3761460704879815,-2680
13,2,AE_spindle,6064,9000,0.6737777777777778,True,10.03139496576019,-2936
13,3,AE_spindle,8288,9000,0.9208888888888889,True,2.1081355909906514,-712
13,4,AE_spindle,7840,9000,0.8711111111111111,True,1.064654243792114,-1160
13,5,AE_spindle,7776,9000,0.864,True,1.2117189884090223,-1224
13,6,AE_spindle,7952,9000,0.8835555555555555,True,1.8864646016529665,-1048
13,7,AE_spindle,6768,9000,0.752,True,2.9054906047919395,-2232
13,8,AE_spindle,7712,9000,0.8568888888888889,True,2.5223778336148923,-1288
13,9,AE_spindle,6784,9000,0.7537777777777778,True,3.1246821739558475,-2216
13,10,AE_spindle,6352,9000,0.7057777777777777,True,1.4722412817588173,-2648
13,11,AE_spindle,6016,9000,0.6684444444444444,True,5.2870727960408965,-2984
13,12,AE_spindle,6256,9000,0.6951111111111111,True,1.6970149432591748,-2744
13,13,AE_spindle,7408,9000,0.8231111111111111,True,5.888424979720565,-1592
13,14,AE_spindle,7152,9000,0.7946666666666666,True,2.4572664198149226,-1848
13,15,AE_spindle,7776,9000,0.864,True,2.2450492301728877,-1224
14,1,AE_spindle,7104,9000,0.7893333333333333,True,6.054771693417607,-258
14,2,AE_spindle,8336,9000,0.9262222222222222,True,19.090160092677205,1412
14,3,AE_spindle,8528,9000,0.9475555555555556,True,45.71348470855721,1474
14,4,AE_spindle,8592,9000,0.9546666666666667,True,12.429372295554298,1490
14,5,AE_spindle,8576,9000,0.9528888888888889,True,18.116893944623023,1458
14,6,AE_spindle,8432,9000,0.9368888888888889,True,10.850868114864928,1394
14,8,AE_spindle,8512,9000,0.9457777777777778,True,68.55266784266513,1398
14,9,AE_spindle,8560,9000,0.9511111111111111,True,77.61445096650857,1336
14,10,AE_spindle,8416,9000,0.9351111111111111,True,17.907997086929164,1378
15,1,AE_spindle,8160,9000,0.9066666666666666,True,3.9556271554702507,-840
15,2,AE_spindle,6464,9000,0.7182222222222222,True,2.9810728366699317,-2536
15,3,AE_spindle,7648,9000,0.8497777777777777,True,1.4794231327672742,-1352
15,4,AE_spindle,7120,9000,0.7911111111111111,True,1.4879754900701494,-1880
15,5,AE_spindle,6096,9000,0.6773333333333333,True,1.6887320726143968,-2904
15,6,AE_spindle,6416,9000,0.7128888888888889,True,1.2784318460437265,-2584
15,7,AE_spindle,7488,9000,0.832,True,1.2257636489086088,-1512
16,1,AE_spindle,6880,9000,0.7644444444444445,True,8.476673046611888,-238
16,2,AE_spindle,8464,9000,0.9404444444444444,True,16.706663364763866,1426
16,3,AE_spindle,8592,9000,0.9546666666666667,True,8.053944138670234,1378
16,4,AE_spindle,8576,9000,0.9528888888888889,True,236.0426585635232,1426
16,5,AE_spindle,8480,9000,0.9422222222222222,True,21.86039575488752,1283
16,6,AE_spindle,8528,9000,0.9475555555555556,True,56.04625551423264,1394
