case,run,VB_flute_1,VB_flute_2,VB_flute_3,time,DOC,feed,material,material_name,enable
1,1,32.31711361,48.89261732,37.72082548,1.0,,,,phm2010,True
1,2,37.914879,49.57081504,37.72082548,2.0,,,,phm2010,True
1,3,43.08790971,50.30286727,37.72082548,3.0,,,,phm2010,True
1,4,47.8590723,51.08365203,37.84985103,4.0,,,,phm2010,True
1,5,52.25032922,51.90828793,38.17266456,5.0,,,,phm2010,True
1,6,56.28276562,52.77212655,38.61755643,6.0,,,,phm2010,True
1,7,59.97661561,53.6707451,39.17455623,7.0,,,,phm2010,True
1,8,63.3512879,54.5999392,39.83415523,8.0,,,,phm2010,True
1,9,66.4253909,55.55571585,40.58729178,9.0,,,,phm2010,True
1,10,69.21675719,56.53428648,41.42533708,10.0,,,,phm2010,True
1,11,71.74246752,57.53206029,42.34008123,11.0,,,,phm2010,True
1,12,74.01887416,58.54563763,43.32371962,12.0,,,,phm2010,True
1,13,76.06162381,59.57180359,44.36883963,13.0,,,,phm2010,True
1,14,77.88567991,60.60752172,45.46840765,14.0,,,,phm2010,True
1,15,79.50534445,61.64992794,46.61575637,15.0,,,,phm2010,True
1,16,80.93427925,62.69632451,47.8045724,16.0,,,,phm2010,True
1,17,82.18552678,63.74417426,49.0288842,17.0,,,,phm2010,True
1,18,83.27153045,64.79109482,50.28305022,18.0,,,,phm2010,True
1,19,84.20415441,65.83485314,51.56174741,19.0,,,,phm2010,True
1,20,84.99470288,66.87336002,52.85995997,20.0,,,,phm2010,True
1,21,85.653939,67.90466485,54.17296838,21.0,,,,phm2010,True
1,22,86.19210327,68.92695045,55.49633868,22.0,,,,phm2010,True
1,23,86.61893145,69.93852803,56.82591204,23.0,,,,phm2010,True
1,24,86.94367205,70.93783235,58.15779461,24.0,,,,phm2010,True
1,25,87.17510345,71.92341685,59.48834755,25.0,,,,phm2010,True
1,26,87.32155046,72.89394911,60.81417738,26.0,,,,phm2010,True
1,27,87.39090058,73.84820624,62.13212659,27.0,,,,phm2010,True
1,28,87.39090058,74.78507049,63.43926441,28.0,,,,phm2010,True
1,29,87.39090058,75.70352498,64.73287786,29.0,,,,phm2010,True
1,30,87.39090058,76.6026495,66.0104631,30.0,,,,phm2010,True
1,31,87.39090058,77.48161641,67.26971691,31.0,,,,phm2010,True
1,32,87.39090058,78.33968677,68.50852841,32.0,,,,phm2010,True
1,33,87.39090058,79.17620637,69.72497111,33.0,,,,phm2010,True
1,34,87.39090058,79.99060207,70.91729498,34.0,,,,phm2010,True
1,35,87.39090058,80.78237816,72.08391897,35.0,,,,phm2010,True
1,36,87.39090058,81.55111275,73.22342351,36.0,,,,phm2010,True
1,37,87.39090058,82.2964544,74.33454341,37.0,,,,phm2010,True
1,38,87.39090058,83.01811874,75.41616079,38.0,,,,phm2010,True
1,39,87.39090058,83.71588526,76.46729838,39.0,,,,phm2010,True
1,40,87.39090058,84.38959411,77.48711287,40.0,,,,phm2010,True
1,41,87.39090058,85.03914309,78.47488851,41.0,,,,phm2010,True
1,42,87.39090058,85.66448465,79.43003091,42.0,,,,phm2010,True
1,43,87.39090058,86.26562303,80.35206101,43.0,,,,phm2010,True
1,44,87.39090058,86.84261145,81.24060921,44.0,,,,phm2010,True
1,45,87.39090058,87.39554943,82.09540971,45.0,,,,phm2010,True
1,46,87.39090058,87.92458016,82.91629497,46.0,,,,phm2010,True
1,47,87.39090058,88.42988794,83.70319044,47.0,,,,phm2010,True
1,48,87.39090058,88.91169574,84.45610931,48.0,,,,phm2010,True
1,49,87.39090058,89.37026282,85.17514756,49.0,,,,phm2010,True
1,50,87.39090058,89.80588243,85.86047909,50.0,,,,phm2010,True
1,51,87.39090058,90.21887955,86.51235104,51.0,,,,phm2010,True
1,52,87.39090058,90.60960878,87.13107922,52.0,,,,phm2010,True
1,53,87.39090058,90.97845225,87.71704374,53.0,,,,phm2010,True
1,54,87.39090058,91.32581757,88.27068479,54.0,,,,phm2010,True
1,55,87.39090058,91.65213593,88.79249847,55.0,,,,phm2010,True
1,56,87.39090058,91.95786023,89.2830329,56.0,,,,phm2010,True
1,57,87.39090058,92.24346325,89.74288435,57.0,,,,phm2010,True
1,58,87.39090058,92.50943591,90.17269359,58.0,,,,phm2010,True
1,59,87.39090058,92.7562856,90.57314227,59.0,,,,phm2010,True
1,60,87.39090058,92.98453457,90.94494956,60.0,,,,phm2010,True
1,61,87.39090058,93.19471836,91.2888688,61.0,,,,phm2010,True
1,62,87.39090058,93.38738431,91.60568433,62.0,,,,phm2010,True
1,63,87.39090058,93.56309014,91.89620842,63.0,,,,phm2010,True
1,64,87.39090058,93.72240252,92.16127833,64.0,,,,phm2010,True
1,65,87.39090058,93.86589581,92.40175351,65.0,,,,phm2010,True
1,66,87.39090058,93.99415074,92.61851282,66.0,,,,phm2010,True
1,67,87.39090058,94.10775318,92.81245198,67.0,,,,phm2010,True
1,68,87.39090058,94.20729304,92.98448102,68.0,,,,phm2010,True
1,69,87.39090058,94.29336308,93.13552193,69.0,,,,phm2010,True
1,70,87.39090058,94.36655788,93.26650631,70.0,,,,phm2010,True
1,71,87.39090058,94.42747281,93.37837323,71.0,,,,phm2010,True
1,72,87.39090058,94.47670304,93.47206707,72.0,,,,phm2010,True
1,73,87.39090058,94.51484266,93.54853556,73.0,,,,phm2010,True
1,74,87.39090058,94.54248373,93.60872787,74.0,,,,phm2010,True
1,75,87.39090058,94.5602155,93.65359272,75.0,,,,phm2010,True
1,76,87.39090058,94.56862356,93.68407674,76.0,,,,phm2010,True
1,77,87.39090058,94.56862356,93.70112274,77.0,,,,phm2010,True
1,78,87.39090058,94.56862356,93.70566818,78.0,,,,phm2010,True
1,79,87.39090058,94.56862356,93.70566818,79.0,,,,phm2010,True
1,80,87.39090058,94.56862356,93.70566818,80.0,,,,phm2010,True
1,81,87.39090058,94.56862356,93.70566818,81.0,,,,phm2010,True
1,82,87.39090058,94.56862356,93.70566818,82.0,,,,phm2010,True
1,83,87.39090058,94.56862356,93.70566818,83.0,,,,phm2010,True
1,84,87.39090058,94.56862356,93.70566818,84.0,,,,phm2010,True
1,85,87.39090058,94.56862356,93.70566818,85.0,,,,phm2010,True
1,86,87.39090058,94.56862356,93.70566818,86.0,,,,phm2010,True
1,87,87.39090058,94.56862356,93.70566818,87.0,,,,phm2010,True
1,88,87.39090058,94.56862356,93.70566818,88.0,,,,phm2010,True
1,89,87.39090058,94.56862356,93.70566818,89.0,,,,phm2010,True
1,90,87.39090058,94.56862356,93.70566818,90.0,,,,phm2010,True
1,91,87.39090058,94.56862356,93.70566818,91.0,,,,phm2010,True
1,92,87.39090058,94.56862356,93.70566818,92.0,,,,phm2010,True
1,93,87.39090058,94.56862356,93.70566818,93.0,,,,phm2010,True
1,94,87.39090058,94.56862356,93.70566818,94.0,,,,phm2010,True
1,95,87.39090058,94.56862356,93.70566818,95.0,,,,phm2010,True
1,96,87.39090058,94.56862356,93.70566818,96.0,,,,phm2010,True
1,97,87.39090058,94.56862356,93.70566818,97.0,,,,phm2010,True
1,98,87.39090058,94.56862356,93.70566818,98.0,,,,phm2010,True
1,99,87.39090058,94.56862356,93.70566818,99.0,,,,phm2010,True
1,100,87.39090058,94.56862356,93.70566818,100.0,,,,phm2010,True
1,101,87.7061647,94.56862356,93.70566818,101.0,,,,phm2010,True
1,102,88.0993478,94.56862356,93.70566818,102.0,,,,phm2010,True
1,103,88.49130564,94.56862356,93.70566818,103.0,,,,phm2010,True
1,104,88.88155409,94.56862356,93.70566818,104.0,,,,phm2010,True
1,105,89.26963001,94.56862356,93.70566818,105.0,,,,phm2010,True
1,106,89.65509154,94.56862356,93.70566818,106.0,,,,phm2010,True
1,107,90.03751838,94.56862356,93.70566818,107.0,,,,phm2010,True
1,108,90.41651198,94.56862356,93.70566818,108.0,,,,phm2010,True
1,109,90.79169571,94.56862356,93.70566818,109.0,,,,phm2010,True
1,110,91.16271501,94.56862356,93.70566818,110.0,,,,phm2010,True
1,111,91.52923739,94.56862356,93.70566818,111.0,,,,phm2010,True
1,112,91.89095253,94.56862356,93.70566818,112.0,,,,phm2010,True
1,113,92.24757218,94.56862356,93.70566818,113.0,,,,phm2010,True
1,114,92.59883018,94.56862356,93.70566818,114.0,,,,phm2010,True
1,115,92.94448231,94.56862356,93.70566818,115.0,,,,phm2010,True
1,116,93.2843062,94.56862356,93.70566818,116.0,,,,phm2010,True
1,117,93.61810111,94.56862356,93.70566818,117.0,,,,phm2010,True
1,118,93.94568777,94.56862356,93.70566818,118.0,,,,phm2010,True
1,119,94.26690815,94.56862356,93.70566818,119.0,,,,phm2010,True
1,120,94.58162515,94.56862356,93.70566818,120.0,,,,phm2010,True
1,121,94.88972237,94.56862356,93.70566818,121.0,,,,phm2010,True
1,122,95.19110376,94.56862356,93.70566818,122.0,,,,phm2010,True
1,123,95.48569329,94.56862356,93.70566818,123.0,,,,phm2010,True
1,124,95.77343457,94.56862356,93.70566818,124.0,,,,phm2010,True
1,125,96.05429047,94.56862356,93.70566818,125.0,,,,phm2010,True
1,126,96.32824273,94.56862356,93.74018966,126.0,,,,phm2010,True
1,127,96.59529149,94.56862356,93.93261436,127.0,,,,phm2010,True
1,128,96.85545491,94.56862356,94.13621951,128.0,,,,phm2010,True
1,129,97.10876863,94.56862356,94.3509501,129.0,,,,phm2010,True
1,130,97.35528535,94.56862356,94.57673474,130.0,,,,phm2010,True
1,131,97.59507432,94.56862356,94.8134861,131.0,,,,phm2010,True
1,132,97.82822082,94.56862356,95.06110142,132.0,,,,phm2010,True
1,133,98.05482567,94.56862356,95.31946299,133.0,,,,phm2010,True
1,134,98.27500469,94.56862356,95.58843867,134.0,,,,phm2010,True
1,135,98.48888816,94.56862356,95.86788239,135.0,,,,phm2010,True
1,136,98.69662026,94.61864372,96.15763466,136.0,,,,phm2010,True
1,137,98.89835857,94.77442788,96.45752308,137.0,,,,phm2010,True
1,138,99.09427345,94.936968,96.76736287,138.0,,,,phm2010,True
1,139,99.2845475,95.1061995,97.08695738,139.0,,,,phm2010,True
1,140,99.469375,95.28205156,97.41609862,140.0,,,,phm2010,True
1,141,99.64896132,95.46444735,97.75456776,141.0,,,,phm2010,True
1,142,99.82352237,95.65330429,98.10213572,142.0,,,,phm2010,True
1,143,99.99328397,95.84853439,98.45856362,143.0,,,,phm2010,True
1,144,100.1584813,96.05004442,98.82360334,144.0,,,,phm2010,True
1,145,100.3193584,96.25773627,99.19699805,145.0,,,,phm2010,True
1,146,100.4761675,96.47150713,99.57848272,146.0,,,,phm2010,True
1,147,100.6291683,96.69124982,99.96778466,147.0,,,,phm2010,True
1,148,100.7786279,96.91685304,100.364624,148.0,,,,phm2010,True
1,149,100.9248194,97.1482016,100.7687143,149.0,,,,phm2010,True
1,150,101.0680222,97.3851767,101.1797629,150.0,,,,phm2010,True
1,151,101.208521,97.62765621,101.5974715,151.0,,,,phm2010,True
1,152,101.3466052,97.87551489,102.0215369,152.0,,,,phm2010,True
1,153,101.4825683,98.12862466,102.4516511,153.0,,,,phm2010,True
1,154,101.6167078,98.38685484,102.887502,154.0,,,,phm2010,True
1,155,101.7493242,98.65007241,103.328774,155.0,,,,phm2010,True
1,156,101.8807204,98.91814226,103.7751482,156.0,,,,phm2010,True
1,157,102.0112017,99.1909274,104.2263032,157.0,,,,phm2010,True
1,158,102.1410748,99.46828924,104.6819154,158.0,,,,phm2010,True
1,159,102.2706475,99.75008778,105.1416593,159.0,,,,phm2010,True
1,160,102.400228,100.0361819,105.6052085,160.0,,,,phm2010,True
1,161,102.5301247,100.3264295,106.0722354,161.0,,,,phm2010,True
1,162,102.6606455,100.6206878,106.5424124,162.0,,,,phm2010,True
1,163,102.7920973,100.9188136,107.0154117,163.0,,,,phm2010,True
1,164,102.9247859,101.2206632,107.4909062,164.0,,,,phm2010,True
1,165,103.0590149,101.5260932,107.9685697,165.0,,,,phm2010,True
1,166,103.1950858,101.8349601,108.4480774,166.0,,,,phm2010,True
1,167,103.3332975,102.1471208,108.9291061,167.0,,,,phm2010,True
1,168,103.4739456,102.4624327,109.4113349,168.0,,,,phm2010,True
1,169,103.6173222,102.7807541,109.8944454,169.0,,,,phm2010,True
1,170,103.7637155,103.101944,110.3781221,170.0,,,,phm2010,True
1,171,103.9134094,103.4258627,110.8620528,171.0,,,,phm2010,True
1,172,104.0666829,103.7523718,111.3459291,172.0,,,,phm2010,True
1,173,104.2238103,104.0813342,111.8294463,173.0,,,,phm2010,True
1,174,104.3850601,104.4126146,112.3123042,174.0,,,,phm2010,True
1,175,104.5506955,104.7460794,112.7942074,175.0,,,,phm2010,True
1,176,104.7209733,105.0815971,113.2748654,176.0,,,,phm2010,True
1,177,104.896144,105.4190381,113.7539929,177.0,,,,phm2010,True
1,178,105.0764515,105.7582753,114.2313103,178.0,,,,phm2010,True
1,179,105.2621329,106.0991838,114.7065438,179.0,,,,phm2010,True
1,180,105.4534178,106.4416414,115.179426,180.0,,,,phm2010,True
1,181,105.6505285,106.7855285,115.6496958,181.0,,,,phm2010,True
1,182,105.8536796,107.1307284,116.1170987,182.0,,,,phm2010,True
1,183,106.0630776,107.4771272,116.5813874,183.0,,,,phm2010,True
1,184,106.2789212,107.8246142,117.0423215,184.0,,,,phm2010,True
1,185,106.5014004,108.1730817,117.4996682,185.0,,,,phm2010,True
1,186,106.7306968,108.5224254,117.9532024,186.0,,,,phm2010,True
1,187,106.9669833,108.8725444,118.4027067,187.0,,,,phm2010,True
1,188,107.210424,109.2233411,118.8479717,188.0,,,,phm2010,True
1,189,107.4611738,109.5747216,119.2887964,189.0,,,,phm2010,True
1,190,107.7193786,109.9265956,119.724988,190.0,,,,phm2010,True
1,191,107.985175,110.2788767,120.1563624,191.0,,,,phm2010,True
1,192,108.2586902,110.631482,120.5827442,192.0,,,,phm2010,True
1,193,108.5400419,110.9843326,121.0039667,193.0,,,,phm2010,True
1,194,108.8293382,111.3373537,121.4198724,194.0,,,,phm2010,True
1,195,109.1266779,111.6904743,121.8303128,195.0,,,,phm2010,True
1,196,109.4321497,112.0436276,122.2351485,196.0,,,,phm2010,True
1,197,109.7458328,112.3967508,122.6342497,197.0,,,,phm2010,True
1,198,110.0677966,112.7497853,123.0274957,198.0,,,,phm2010,True
1,199,110.3981009,113.1026766,123.4147755,199.0,,,,phm2010,True
1,200,110.7367954,113.4553746,123.7959876,200.0,,,,phm2010,True
1,201,111.0839203,113.8078334,124.1710401,201.0,,,,phm2010,True
1,202,111.4395061,114.1600113,124.5398507,202.0,,,,phm2010,True
1,203,111.8035733,114.5118709,124.9023469,203.0,,,,phm2010,True
1,204,112.176133,114.8633792,125.2584659,204.0,,,,phm2010,True
1,205,112.5571865,115.2145076,125.6081548,205.0,,,,phm2010,True
1,206,112.9467257,115.5652317,125.9513701,206.0,,,,phm2010,True
1,207,113.344733,115.9155313,126.2880785,207.0,,,,phm2010,True
1,208,113.7511812,116.2653909,126.6182561,208.0,,,,phm2010,True
1,209,114.1660341,116.614799,126.941889,209.0,,,,phm2010,True
1,210,114.5892461,116.9637486,127.2589728,210.0,,,,phm2010,True
1,211,115.0207626,117.3122369,127.5695129,211.0,,,,phm2010,True
1,212,115.4605201,117.6602655,127.8735244,212.0,,,,phm2010,True
1,213,115.9084463,118.00784,128.1710319,213.0,,,,phm2010,True
1,214,116.36446,118.3549704,128.4620693,214.0,,,,phm2010,True
1,215,116.828472,118.701671,128.7466804,215.0,,,,phm2010,True
1,216,117.3003841,119.04796,129.024918,216.0,,,,phm2010,True
1,217,117.7800905,119.3938598,129.2968443,217.0,,,,phm2010,True
1,218,118.2674771,119.7393969,129.5625308,218.0,,,,phm2010,True
1,219,118.7624221,120.0846019,129.8220578,219.0,,,,phm2010,True
1,220,119.2647961,120.4295091,130.0755148,220.0,,,,phm2010,True
1,221,119.7744621,120.774157,130.3230002,221.0,,,,phm2010,True
1,222,120.2912763,121.1185876,130.5646208,222.0,,,,phm2010,True
1,223,120.8150876,121.4628472,130.8004924,223.0,,,,phm2010,True
1,224,121.3457382,121.8069852,131.030739,224.0,,,,phm2010,True
1,225,121.8830639,122.1510551,131.2554931,225.0,,,,phm2010,True
1,226,122.4268941,122.4951138,131.474895,226.0,,,,phm2010,True
1,227,122.9770523,122.8392217,131.6890935,227.0,,,,phm2010,True
1,228,123.5333561,123.1834427,131.8982448,228.0,,,,phm2010,True
1,229,124.0956175,123.5278439,132.1025129,229.0,,,,phm2010,True
1,230,124.6636433,123.8724957,132.3020694,230.0,,,,phm2010,True
1,231,125.2372354,124.2174717,132.4970931,231.0,,,,phm2010,True
1,232,125.8161908,124.5628486,132.6877699,232.0,,,,phm2010,True
1,233,126.4003021,124.908706,132.8742926,233.0,,,,phm2010,True
1,234,126.9893575,125.2551264,133.0568608,234.0,,,,phm2010,True
1,235,127.5831416,125.6021951,133.2356806,235.0,,,,phm2010,True
1,236,128.1814351,125.9500002,133.4109642,236.0,,,,phm2010,True
1,237,128.7840154,126.2986322,133.5829302,237.0,,,,phm2010,True
1,238,129.3906569,126.6481841,133.7518028,238.0,,,,phm2010,True
1,239,130.0011312,126.9987515,133.9178121,239.0,,,,phm2010,True
1,240,130.6152074,127.350432,134.0811934,240.0,,,,phm2010,True
1,241,131.2326523,127.7033255,134.2421873,241.0,,,,phm2010,True
1,242,131.8532309,128.0575339,134.4010394,242.0,,,,phm2010,True
1,243,132.4767066,128.413161,134.5579999,243.0,,,,phm2010,True
1,244,133.1028415,128.7703127,134.7133235,244.0,,,,phm2010,True
1,245,133.7313964,129.1290961,134.8672693,245.0,,,,phm2010,True
1,246,134.3621319,129.4896204,135.0201002,246.0,,,,phm2010,True
1,247,134.9948077,129.851996,135.172083,247.0,,,,phm2010,True
1,248,135.6291837,130.2163346,135.3234878,248.0,,,,phm2010,True
1,249,136.2650196,130.5827494,135.4745881,249.0,,,,phm2010,True
1,250,136.902076,130.9513544,135.6256605,250.0,,,,phm2010,True
1,251,137.540114,131.3222648,135.776984,251.0,,,,phm2010,True
1,252,138.1788957,131.6955966,135.9288403,252.0,,,,phm2010,True
1,253,138.8181847,132.0714667,136.0815132,253.0,,,,phm2010,True
1,254,139.4577462,132.4499923,136.2352886,254.0,,,,phm2010,True
1,255,140.0973471,132.8312914,136.390454,255.0,,,,phm2010,True
1,256,140.7367569,133.2154822,136.5472984,256.0,,,,phm2010,True
1,257,141.375747,133.6026833,136.7061117,257.0,,,,phm2010,True
1,258,142.0140922,133.9930132,136.8671851,258.0,,,,phm2010,True
1,259,142.6515699,134.3865908,137.0308101,259.0,,,,phm2010,True
1,260,143.2879608,134.7835344,137.1972787,260.0,,,,phm2010,True
1,261,143.9230495,135.1839625,137.3668831,261.0,,,,phm2010,True
1,262,144.556624,135.5879928,137.5399153,262.0,,,,phm2010,True
1,263,145.1884767,135.995743,137.7166668,263.0,,,,phm2010,True
1,264,145.8184043,136.4073297,137.8974285,264.0,,,,phm2010,True
1,265,146.4462078,136.8228691,138.0824903,265.0,,,,phm2010,True
1,266,147.0716935,137.2424764,138.272141,266.0,,,,phm2010,True
1,267,147.6946724,137.6662659,138.4666678,267.0,,,,phm2010,True
1,268,148.3149609,138.0943508,138.6663564,268.0,,,,phm2010,True
1,269,148.9323811,138.526843,138.8714903,269.0,,,,phm2010,True
1,270,149.5467607,138.9638531,139.082351,270.0,,,,phm2010,True
1,271,150.1579333,139.4054903,139.2992173,271.0,,,,phm2010,True
1,272,150.765739,139.8518621,139.5223654,272.0,,,,phm2010,True
1,273,151.3700239,140.3030746,139.7520686,273.0,,,,phm2010,True
1,274,151.970641,140.7592317,139.9885969,274.0,,,,phm2010,True
1,275,152.5674499,141.2204358,140.2322168,275.0,,,,phm2010,True
1,276,153.1603172,141.686787,140.4831912,276.0,,,,phm2010,True
1,277,153.7491167,142.1583834,140.741779,277.0,,,,phm2010,True
1,278,154.3337295,142.6353208,141.008235,278.0,,,,phm2010,True
1,279,154.914044,143.1176927,141.2828095,279.0,,,,phm2010,True
1,280,155.4899564,143.6055902,141.5657483,280.0,,,,phm2010,True
1,281,156.0613707,144.0991016,141.8572923,281.0,,,,phm2010,True
1,282,156.6281987,144.5983129,142.1576774,282.0,,,,phm2010,True
1,283,157.1903603,145.1033072,142.467134,283.0,,,,phm2010,True
1,284,157.7477835,145.6141647,142.7858874,284.0,,,,phm2010,True
1,285,158.3004046,146.1309628,143.1141568,285.0,,,,phm2010,True
1,286,158.8481684,146.6537756,143.4521558,286.0,,,,phm2010,True
1,287,159.3910281,147.1826743,143.8000917,287.0,,,,phm2010,True
1,288,159.9289454,147.717727,144.1581657,288.0,,,,phm2010,True
1,289,160.4618907,148.2589982,144.5265724,289.0,,,,phm2010,True
1,290,160.9898432,148.8065493,144.9054997,290.0,,,,phm2010,True
1,291,161.5127908,149.3604379,145.2951287,291.0,,,,phm2010,True
1,292,162.0307303,149.9207185,145.6956336,292.0,,,,phm2010,True
1,293,162.5436673,150.4874416,146.1071812,293.0,,,,phm2010,True
1,294,163.0516165,151.0606542,146.5299311,294.0,,,,phm2010,True
1,295,163.5546014,151.6403995,146.9640355,295.0,,,,phm2010,True
1,296,164.0526545,152.2267169,147.4096385,296.0,,,,phm2010,True
1,297,164.5458173,152.8196419,147.866877,297.0,,,,phm2010,True
1,298,165.0341403,153.419206,148.3358794,298.0,,,,phm2010,True
1,299,165.5176828,154.0254367,148.8167664,299.0,,,,phm2010,True
1,300,165.9965134,154.6383575,149.3096502,300.0,,,,phm2010,True
1,301,166.4707092,155.2579876,149.8146348,301.0,,,,phm2010,True
1,302,166.9403565,155.8843423,150.3318158,302.0,,,,phm2010,True
1,303,167.4055503,156.5174323,150.8612801,303.0,,,,phm2010,True
1,304,167.8663945,157.1572644,151.4031059,304.0,,,,phm2010,True
1,305,168.3230015,157.8038408,151.9573629,305.0,,,,phm2010,True
1,306,168.7754925,158.4571595,152.5241115,306.0,,,,phm2010,True
1,307,169.2239972,159.1172142,153.1034034,307.0,,,,phm2010,True
1,308,169.6686538,159.7839938,153.6952813,308.0,,,,phm2010,True
1,309,170.109609,160.4574833,154.2997786,309.0,,,,phm2010,True
1,310,170.5470173,161.1376626,154.9169196,310.0,,,,phm2010,True
1,311,170.9810419,161.8245077,155.5467195,311.0,,,,phm2010,True
1,312,171.4118535,162.5179895,156.1891839,312.0,,,,phm2010,True
1,313,171.839631,163.2180749,156.8443093,313.0,,,,phm2010,True
1,314,172.2645609,163.9247258,157.5120827,314.0,,,,phm2010,True
1,315,172.6868372,164.6378999,158.1924817,315.0,,,,phm2010,True
4,1,31.41635516,19.48369225,21.74806264,1.0,,,,phm2010,True
4,2,34.8927704,23.473047,24.92595987,2.0,,,,phm2010,True
4,3,38.10284657,27.17286849,27.89865916,3.0,,,,phm2010,True
4,4,41.06102301,30.59930868,30.67784802,4.0,,,,phm2010,True
4,5,43.78119133,33.76786983,33.27472071,5.0,,,,phm2010,True
4,6,46.27671037,36.69342355,35.6999933,6.0,,,,phm2010,True
4,7,48.56042098,39.39022937,37.96391852,7.0,,,,phm2010,True
4,8,50.64466037,41.87195302,40.07630017,8.0,,,,phm2010,True
4,9,52.54127629,44.15168423,42.04650728,9.0,,,,phm2010,True
4,10,54.26164088,46.24195416,43.88348786,10.0,,,,phm2010,True
4,11,55.81666418,48.15475251,45.59578247,11.0,,,,phm2010,True
4,12,57.21680745,49.90154413,47.19153732,12.0,,,,phm2010,True
4,13,58.47209617,51.49328539,48.67851721,13.0,,,,phm2010,True
4,14,59.59213275,52.9404401,50.06411807,14.0,,,,phm2010,True
4,15,60.58610902,54.25299511,51.35537927,15.0,,,,phm2010,True
4,16,61.46281844,55.44047554,52.55899557,16.0,,,,phm2010,True
4,17,62.23066801,56.51195964,53.68132888,17.0,,,,phm2010,True
4,18,62.89769001,57.47609342,54.72841962,18.0,,,,phm2010,True
4,19,63.47155339,58.34110474,55.70599795,19.0,,,,phm2010,True
4,20,63.959575,59.1148173,56.61949457,20.0,,,,phm2010,True
4,21,64.36873051,59.80466414,57.4740514,21.0,,,,phm2010,True
4,22,64.70566514,60.41770086,58.27453188,22.0,,,,phm2010,True
4,23,64.9767041,60.96061858,59.02553109,23.0,,,,phm2010,True
4,24,65.1878629,61.43975654,59.73138559,24.0,,,,phm2010,True
4,25,65.34485725,61.86111439,60.39618301,25.0,,,,phm2010,True
4,26,65.45311297,62.23036422,61.02377139,26.0,,,,phm2010,True
4,27,65.51777545,62.55286224,61.6177683,27.0,,,,phm2010,True
4,28,65.54371906,62.83366026,62.18156971,28.0,,,,phm2010,True
4,29,65.54371906,63.07751676,62.71835863,29.0,,,,phm2010,True
4,30,65.54371906,63.28890784,63.23111352,30.0,,,,phm2010,True
4,31,65.54371906,63.47203771,63.72261651,31.0,,,,phm2010,True
4,32,65.54371906,63.6308491,64.19546132,32.0,,,,phm2010,True
4,33,65.54371906,63.76903326,64.65206107,33.0,,,,phm2010,True
4,34,65.54371906,63.89003975,65.09465581,34.0,,,,phm2010,True
4,35,65.54371906,63.99708603,65.52531985,35.0,,,,phm2010,True
4,36,65.54371906,64.09316671,65.9459689,36.0,,,,phm2010,True
4,37,65.54371906,64.18106257,66.35836702,37.0,,,,phm2010,True
4,38,65.54371906,64.26334943,66.76413333,38.0,,,,phm2010,True
4,39,65.54371906,64.34240665,67.16474862,39.0,,,,phm2010,True
4,40,65.54371906,64.42042549,67.56156165,40.0,,,,phm2010,True
4,41,65.54371906,64.49941721,67.95579535,41.0,,,,phm2010,True
4,42,65.54371906,64.58122094,68.34855283,42.0,,,,phm2010,True
4,43,65.54371906,64.66751133,68.74082317,43.0,,,,phm2010,True
4,44,65.54371906,64.75980602,69.1334871,44.0,,,,phm2010,True
4,45,65.54371906,64.85947284,69.52732244,45.0,,,,phm2010,True
4,46,65.54371906,64.96773684,69.92300941,46.0,,,,phm2010,True
4,47,65.54371906,65.08568713,70.32113581,47.0,,,,phm2010,True
4,48,65.54371906,65.21428344,70.72220197,48.0,,,,phm2010,True
4,49,65.54371906,65.35436259,71.12662555,49.0,,,,phm2010,True
4,50,65.54371906,65.50664473,71.53474627,50.0,,,,phm2010,True
4,51,65.54371906,65.67173932,71.94683041,51.0,,,,phm2010,True
4,52,65.54371906,65.85015104,72.36307514,52.0,,,,phm2010,True
4,53,65.54371906,66.04228544,72.78361282,53.0,,,,phm2010,True
4,54,65.54371906,66.24845443,73.208515,54.0,,,,phm2010,True
4,55,65.54371906,66.46888163,73.63779647,55.0,,,,phm2010,True
4,56,65.54371906,66.70370749,74.07141897,56.0,,,,phm2010,True
4,57,65.54371906,66.95299431,74.50929495,57.0,,,,phm2010,True
4,58,65.54371906,67.21673103,74.95129106,58.0,,,,phm2010,True
4,59,65.54371906,67.4948379,75.39723162,59.0,,,,phm2010,True
4,60,65.54371906,67.787171,75.84690187,60.0,,,,phm2010,True
4,61,65.54371906,68.09352659,76.3000512,61.0,,,,phm2010,True
4,62,65.54371906,68.41364529,76.75639617,62.0,,,,phm2010,True
4,63,65.54371906,68.74721616,77.21562347,63.0,,,,phm2010,True
4,64,65.54371906,69.0938806,77.67739272,64.0,,,,phm2010,True
4,65,65.54371906,69.45323612,78.14133923,65.0,,,,phm2010,True
4,66,65.54371906,69.82483999,78.60707661,66.0,,,,phm2010,True
4,67,65.58464803,70.20821271,79.07419922,67.0,,,,phm2010,True
4,68,65.89045864,70.60284141,79.54228463,68.0,,,,phm2010,True
4,69,66.21371695,71.00818308,80.01089589,69.0,,,,phm2010,True
4,70,66.55393858,71.42366764,80.47958375,70.0,,,,phm2010,True
4,71,66.9106077,71.84870103,80.94788874,71.0,,,,phm2010,True
4,72,67.28317974,72.28266799,81.41534322,72.0,,,,phm2010,True
4,73,67.67108395,72.72493484,81.88147329,73.0,,,,phm2010,True
4,74,68.07372593,73.17485215,82.34580059,74.0,,,,phm2010,True
4,75,68.49049008,73.63175725,82.8078441,75.0,,,,phm2010,True
4,76,68.92074185,74.09497664,83.26712176,76.0,,,,phm2010,True
4,77,69.36383003,74.56382831,83.72315207,77.0,,,,phm2010,True
4,78,69.8190889,75.03762397,84.17545561,78.0,,,,phm2010,True
4,79,70.28584028,75.51567114,84.6235564,79.0,,,,phm2010,True
4,80,70.76339554,75.99727516,85.06698331,80.0,,,,phm2010,True
4,81,71.25105747,76.48174113,85.50527131,81.0,,,,phm2010,True
4,82,71.74812216,76.9683757,85.93796266,82.0,,,,phm2010,True
4,83,72.25388071,77.45648882,86.36460805,83.0,,,,phm2010,True
4,84,72.76762093,77.94539538,86.78476767,84.0,,,,phm2010,True
4,85,73.28862893,78.43441676,87.19801218,85.0,,,,phm2010,True
4,86,73.81619066,78.92288232,87.60392369,86.0,,,,phm2010,True
4,87,74.3495934,79.41013074,88.00209657,87.0,,,,phm2010,True
4,88,74.88812711,79.89551141,88.39213832,88.0,,,,phm2010,True
4,89,75.4310858,80.37838559,88.77367027,89.0,,,,phm2010,True
4,90,75.97776878,80.8581276,89.14632832,90.0,,,,phm2010,True
4,91,76.52748184,81.33412589,89.50976354,91.0,,,,phm2010,True
4,92,77.07953845,81.80578408,89.86364278,92.0,,,,phm2010,True
4,93,77.6332608,82.27252187,90.20764919,93.0,,,,phm2010,True
4,94,78.18798081,82.73377594,90.54148272,94.0,,,,phm2010,True
4,95,78.74304115,83.18900074,90.86486054,95.0,,,,phm2010,True
4,96,79.29779609,83.63766927,91.17751744,96.0,,,,phm2010,True
4,97,79.85161241,84.07927373,91.47920614,97.0,,,,phm2010,True
4,98,80.40387017,84.51332619,91.76969765,98.0,,,,phm2010,True
4,99,80.95396348,84.93935911,92.04878148,99.0,,,,phm2010,True
4,100,81.50130122,85.35692589,92.31626586,100.0,,,,phm2010,True
4,101,82.04530765,85.76560133,92.57197792,101.0,,,,phm2010,True
4,102,82.58542306,86.16498203,92.81576385,102.0,,,,phm2010,True
4,103,83.12110433,86.55468673,93.04748896,103.0,,,,phm2010,True
4,104,83.65182542,86.93435665,93.26703779,104.0,,,,phm2010,True
4,105,84.17707788,87.30365573,93.47431411,105.0,,,,phm2010,True
4,106,84.69637128,87.66227089,93.66924092,106.0,,,,phm2010,True
4,107,85.20923356,88.00991211,93.85176045,107.0,,,,phm2010,True
4,108,85.71521147,88.34631267,94.02183405,108.0,,,,phm2010,True
4,109,86.2138708,88.67122916,94.17944214,109.0,,,,phm2010,True
4,110,86.7047967,88.98444158,94.32458407,110.0,,,,phm2010,True
4,111,87.18759393,89.2857533,94.45727798,111.0,,,,phm2010,True
4,112,87.66188705,89.57499109,94.57756064,112.0,,,,phm2010,True
4,113,88.12732061,89.85200505,94.68548722,113.0,,,,phm2010,True
4,114,88.58355929,90.11666848,94.78113112,114.0,,,,phm2010,True
4,115,89.030288,90.3688778,94.86458369,115.0,,,,phm2010,True
4,116,89.46721198,90.60855238,94.935954,116.0,,,,phm2010,True
4,117,89.89405683,90.83563433,94.99536852,117.0,,,,phm2010,True
4,118,90.31056855,91.05008833,95.04297086,118.0,,,,phm2010,True
4,119,90.71651354,91.25190137,95.07892145,119.0,,,,phm2010,True
4,120,91.11167857,91.44108249,95.10339716,120.0,,,,phm2010,True
4,121,91.4958707,91.61766247,95.11659101,121.0,,,,phm2010,True
4,122,91.86891723,91.78169355,95.11871175,122.0,,,,phm2010,True
4,123,92.23066559,91.93324905,95.11871175,123.0,,,,phm2010,True
4,124,92.5809832,92.07242307,95.11871175,124.0,,,,phm2010,True
4,125,92.91975736,92.19933008,95.11871175,125.0,,,,phm2010,True
4,126,93.24689504,92.31410451,95.11871175,126.0,,,,phm2010,True
4,127,93.5623227,92.41690038,95.11871175,127.0,,,,phm2010,True
4,128,93.86598613,92.50789083,95.11871175,128.0,,,,phm2010,True
4,129,94.15785016,92.58726771,95.11871175,129.0,,,,phm2010,True
4,130,94.43789847,92.6552411,95.11871175,130.0,,,,phm2010,True
4,131,94.70613329,92.71203882,95.11871175,131.0,,,,phm2010,True
4,132,94.96257518,92.75790598,95.11871175,132.0,,,,phm2010,True
4,133,95.20726268,92.79310447,95.11871175,133.0,,,,phm2010,True
4,134,95.44025205,92.81791243,95.11871175,134.0,,,,phm2010,True
4,135,95.66161694,92.83262375,95.11871175,135.0,,,,phm2010,True
4,136,95.87144806,92.83754756,95.11871175,136.0,,,,phm2010,True
4,137,96.06985284,92.83754756,95.11871175,137.0,,,,phm2010,True
4,138,96.25695507,92.83754756,95.11871175,138.0,,,,phm2010,True
4,139,96.43289455,92.83754756,95.11871175,139.0,,,,phm2010,True
4,140,96.59782671,92.83754756,95.11871175,140.0,,,,phm2010,True
4,141,96.75192223,92.83754756,95.11871175,141.0,,,,phm2010,True
4,142,96.89536664,92.83754756,95.11871175,142.0,,,,phm2010,True
4,143,97.02835992,92.83754756,95.11871175,143.0,,,,phm2010,True
4,144,97.15111612,92.83754756,95.11871175,144.0,,,,phm2010,True
4,145,97.26386291,92.83754756,95.11871175,145.0,,,,phm2010,True
4,146,97.36684116,92.83754756,95.11871175,146.0,,,,phm2010,True
4,147,97.46030457,92.83754756,95.11871175,147.0,,,,phm2010,True
4,148,97.54451915,92.83754756,95.11871175,148.0,,,,phm2010,True
4,149,97.61976286,92.83754756,95.11871175,149.0,,,,phm2010,True
4,150,97.68632512,92.83754756,95.11871175,150.0,,,,phm2010,True
4,151,97.7445064,92.83754756,95.11871175,151.0,,,,phm2010,True
4,152,97.79461776,92.83754756,95.11871175,152.0,,,,phm2010,True
4,153,97.83698037,92.83754756,95.11871175,153.0,,,,phm2010,True
4,154,97.87192512,92.83754756,95.11871175,154.0,,,,phm2010,True
4,155,97.89979211,92.83754756,95.11871175,155.0,,,,phm2010,True
4,156,97.92093022,92.83754756,95.11871175,156.0,,,,phm2010,True
4,157,97.93569664,92.83754756,95.11871175,157.0,,,,phm2010,True
4,158,97.94445643,92.83754756,95.11871175,158.0,,,,phm2010,True
4,159,97.94758207,92.83754756,95.11871175,159.0,,,,phm2010,True
4,160,97.94758207,92.83754756,95.11871175,160.0,,,,phm2010,True
4,161,97.94758207,92.83754756,95.11871175,161.0,,,,phm2010,True
4,162,97.94758207,92.83754756,95.11871175,162.0,,,,phm2010,True
4,163,97.94758207,92.83754756,95.11871175,163.0,,,,phm2010,True
4,164,97.94758207,92.83754756,95.11871175,164.0,,,,phm2010,True
4,165,97.94758207,92.83754756,95.11871175,165.0,,,,phm2010,True
4,166,97.94758207,92.83754756,95.11871175,166.0,,,,phm2010,True
4,167,97.94758207,92.83754756,95.11871175,167.0,,,,phm2010,True
4,168,97.94758207,92.83754756,95.11871175,168.0,,,,phm2010,True
4,169,97.94758207,92.83754756,95.11871175,169.0,,,,phm2010,True
4,170,97.94758207,92.83754756,95.11871175,170.0,,,,phm2010,True
4,171,97.94758207,92.83754756,95.11871175,171.0,,,,phm2010,True
4,172,97.94758207,92.83754756,95.11871175,172.0,,,,phm2010,True
4,173,97.94758207,92.83754756,95.11871175,173.0,,,,phm2010,True
4,174,97.94758207,92.83754756,95.11871175,174.0,,,,phm2010,True
4,175,97.94758207,92.83754756,95.11871175,175.0,,,,phm2010,True
4,176,97.94758207,92.83754756,95.11871175,176.0,,,,phm2010,True
4,177,97.94758207,92.83754756,95.11871175,177.0,,,,phm2010,True
4,178,97.94758207,92.83754756,95.11871175,178.0,,,,phm2010,True
4,179,97.94758207,92.83754756,95.11871175,179.0,,,,phm2010,True
4,180,97.94758207,92.83754756,95.11871175,180.0,,,,phm2010,True
4,181,97.94758207,92.83754756,95.11871175,181.0,,,,phm2010,True
4,182,97.94758207,92.83754756,95.11871175,182.0,,,,phm2010,True
4,183,97.94758207,92.83754756,95.11871175,183.0,,,,phm2010,True
4,184,97.94758207,92.83754756,95.11871175,184.0,,,,phm2010,True
4,185,97.94758207,92.83754756,95.11871175,185.0,,,,phm2010,True
4,186,97.94758207,92.83754756,95.11871175,186.0,,,,phm2010,True
4,187,97.94758207,92.83754756,95.11871175,187.0,,,,phm2010,True
4,188,97.94758207,92.83754756,95.11871175,188.0,,,,phm2010,True
4,189,97.94758207,92.83754756,95.11871175,189.0,,,,phm2010,True
4,190,97.94758207,92.83754756,95.11871175,190.0,,,,phm2010,True
4,191,97.94758207,92.83754756,95.11871175,191.0,,,,phm2010,True
4,192,97.94758207,92.83754756,95.11871175,192.0,,,,phm2010,True
4,193,97.94758207,92.83754756,95.11871175,193.0,,,,phm2010,True
4,194,97.94758207,92.83754756,95.11871175,194.0,,,,phm2010,True
4,195,97.94758207,92.83754756,95.11871175,195.0,,,,phm2010,True
4,196,97.94758207,92.83754756,95.11871175,196.0,,,,phm2010,True
4,197,97.94758207,92.83754756,95.11871175,197.0,,,,phm2010,True
4,198,98.04939711,92.83754756,95.11871175,198.0,,,,phm2010,True
4,199,98.16385952,92.83754756,95.11871175,199.0,,,,phm2010,True
4,200,98.28908463,92.83754756,95.11871175,200.0,,,,phm2010,True
4,201,98.42538882,93.11895181,95.11871175,201.0,,,,phm2010,True
4,202,98.57308034,93.44953482,95.11871175,202.0,,,,phm2010,True
4,203,98.73245902,93.79772956,95.11871175,203.0,,,,phm2010,True
4,204,98.90381609,94.1637065,95.11871175,204.0,,,,phm2010,True
4,205,99.08743402,94.54762299,95.11871175,205.0,,,,phm2010,True
4,206,99.28358632,94.94962314,95.11871175,206.0,,,,phm2010,True
4,207,99.49253735,95.36983781,95.11871175,207.0,,,,phm2010,True
4,208,99.71454217,95.80838454,95.38992062,208.0,,,,phm2010,True
4,209,99.94984642,96.26536749,95.87059774,209.0,,,,phm2010,True
4,210,100.1986861,96.74087746,96.36895722,210.0,,,,phm2010,True
4,211,100.4612875,97.23499183,96.88499373,211.0,,,,phm2010,True
4,212,100.737867,97.74777459,97.41869002,212.0,,,,phm2010,True
4,213,101.0286311,98.27927631,97.97001698,213.0,,,,phm2010,True
4,214,101.3337761,98.82953419,98.53893374,214.0,,,,phm2010,True
4,215,101.6534881,99.39857206,99.12538773,215.0,,,,phm2010,True
4,216,101.9879429,99.98640043,99.72931479,216.0,,,,phm2010,True
4,217,102.337306,100.5930165,100.3506392,217.0,,,,phm2010,True
4,218,102.7017323,101.2184044,100.989274,218.0,,,,phm2010,True
4,219,103.0813662,101.8625349,101.6451207,219.0,,,,phm2010,True
4,220,103.4763417,102.5253658,102.3180698,220.0,,,,phm2010,True
4,221,103.8867818,103.2068418,103.0080008,221.0,,,,phm2010,True
4,222,104.3127991,103.9068949,103.7147822,222.0,,,,phm2010,True
4,223,104.7544953,104.6254442,104.4382717,223.0,,,,phm2010,True
4,224,105.2119613,105.362396,105.1783164,224.0,,,,phm2010,True
4,225,105.6852774,106.1176442,105.9347532,225.0,,,,phm2010,True
4,226,106.1745129,106.8910702,106.7074082,226.0,,,,phm2010,True
4,227,106.6797264,107.6825431,107.4960979,227.0,,,,phm2010,True
4,228,107.2009656,108.4919199,108.3006285,228.0,,,,phm2010,True
4,229,107.7382675,109.3190454,109.1207964,229.0,,,,phm2010,True
4,230,108.2916583,110.1637529,109.9563887,230.0,,,,phm2010,True
4,231,108.8611533,111.0258638,110.8071828,231.0,,,,phm2010,True
4,232,109.4467572,111.9051881,111.6729471,232.0,,,,phm2010,True
4,233,110.048464,112.8015244,112.5534408,233.0,,,,phm2010,True
4,234,110.6662571,113.7146603,113.4484144,234.0,,,,phm2010,True
4,235,111.3001091,114.6443724,114.3576099,235.0,,,,phm2010,True
4,236,111.9499823,115.5904267,115.2807608,236.0,,,,phm2010,True
4,237,112.6158284,116.5525786,116.2175924,237.0,,,,phm2010,True
4,238,113.2975887,117.5305732,117.1678223,238.0,,,,phm2010,True
4,239,113.9951942,118.5241458,118.1311602,239.0,,,,phm2010,True
4,240,114.7085656,119.5330215,119.1073083,240.0,,,,phm2010,True
4,241,115.4376137,120.556916,120.0959617,241.0,,,,phm2010,True
4,242,116.1822389,121.5955358,121.0968085,242.0,,,,phm2010,True
4,243,116.942332,122.648578,122.10953,243.0,,,,phm2010,True
4,244,117.7177737,123.715731,123.133801,244.0,,,,phm2010,True
4,245,118.5084351,124.7966747,124.16929,245.0,,,,phm2010,True
4,246,119.3141778,125.8910804,125.2156595,246.0,,,,phm2010,True
4,247,120.1348537,126.9986117,126.2725664,247.0,,,,phm2010,True
4,248,120.9703056,128.1189241,127.3396619,248.0,,,,phm2010,True
4,249,121.8203669,129.2516656,128.4165922,249.0,,,,phm2010,True
4,250,122.6848622,130.3964771,129.5029982,250.0,,,,phm2010,True
4,251,123.5636069,131.5529925,130.5985163,251.0,,,,phm2010,True
4,252,124.4564079,132.7208389,131.7027786,252.0,,,,phm2010,True
4,253,125.3630635,133.8996371,132.8154126,253.0,,,,phm2010,True
4,254,126.2833633,135.0890018,133.9360422,254.0,,,,phm2010,True
4,255,127.2170889,136.2885418,135.0642876,255.0,,,,phm2010,True
4,256,128.1640137,137.4978605,136.1997656,256.0,,,,phm2010,True
4,257,129.1239033,138.716556,137.3420898,257.0,,,,phm2010,True
4,258,130.0965154,139.9442215,138.4908711,258.0,,,,phm2010,True
4,259,131.0816002,141.1804455,139.6457177,259.0,,,,phm2010,True
4,260,132.0789007,142.4248124,140.8062356,260.0,,,,phm2010,True
4,261,133.0881525,143.6769023,141.9720286,261.0,,,,phm2010,True
4,262,134.1090844,144.9362918,143.1426991,262.0,,,,phm2010,True
4,263,135.1414183,146.202554,144.3178475,263.0,,,,phm2010,True
4,264,136.1848696,147.475259,145.4970734,264.0,,,,phm2010,True
4,265,137.2391473,148.7539741,146.6799753,265.0,,,,phm2010,True
4,266,138.3039542,150.0382639,147.8661509,266.0,,,,phm2010,True
4,267,139.3789872,151.3276912,149.0551976,267.0,,,,phm2010,True
4,268,140.4639374,152.6218167,150.2467126,268.0,,,,phm2010,True
4,269,141.5584906,153.9201996,151.4402933,269.0,,,,phm2010,True
4,270,142.6623269,155.2223977,152.6355373,270.0,,,,phm2010,True
4,271,143.7751217,156.5279683,153.832043,271.0,,,,phm2010,True
4,272,144.8965453,157.8364676,155.0294096,272.0,,,,phm2010,True
4,273,146.0262635,159.1474517,156.2272374,273.0,,,,phm2010,True
4,274,147.1639376,160.4604766,157.4251281,274.0,,,,phm2010,True
4,275,148.3092247,161.7750987,158.6226853,275.0,,,,phm2010,True
4,276,149.461778,163.090875,159.8195141,276.0,,,,phm2010,True
4,277,150.621247,164.4073631,161.015222,277.0,,,,phm2010,True
4,278,151.7872777,165.724122,162.2094189,278.0,,,,phm2010,True
4,279,152.9595127,167.0407123,163.4017172,279.0,,,,phm2010,True
4,280,154.1375919,168.3566961,164.5917323,280.0,,,,phm2010,True
4,281,155.321152,169.6716378,165.7790826,281.0,,,,phm2010,True
4,282,156.5098275,170.9851038,166.9633899,282.0,,,,phm2010,True
4,283,157.7032503,172.2966636,168.1442796,283.0,,,,phm2010,True
4,284,158.9010505,173.6058893,169.3213807,284.0,,,,phm2010,True
4,285,160.1028562,174.9123562,170.4943265,285.0,,,,phm2010,True
4,286,161.3082938,176.2156432,171.6627542,286.0,,,,phm2010,True
4,287,162.5169886,177.5153329,172.8263058,287.0,,,,phm2010,True
4,288,163.7285644,178.8110119,173.9846277,288.0,,,,phm2010,True
4,289,164.9426445,180.102271,175.1373712,289.0,,,,phm2010,True
4,290,166.1588513,181.3887056,176.2841928,290.0,,,,phm2010,True
4,291,167.3768067,182.6699161,177.4247539,291.0,,,,phm2010,True
4,292,168.5961328,183.9455075,178.5587218,292.0,,,,phm2010,True
4,293,169.8164512,185.2150905,179.6857691,293.0,,,,phm2010,True
4,294,171.0373842,186.4782811,180.8055743,294.0,,,,phm2010,True
4,295,172.2585545,187.7347013,181.917822,295.0,,,,phm2010,True
4,296,173.4795854,188.9839787,183.0222029,296.0,,,,phm2010,True
4,297,174.7001014,190.2257477,184.1184139,297.0,,,,phm2010,True
4,298,175.9197281,191.4596487,185.2061586,298.0,,,,phm2010,True
4,299,177.1380923,192.685329,186.2851471,299.0,,,,phm2010,True
4,300,178.3548229,193.9024428,187.3550965,300.0,,,,phm2010,True
4,301,179.5695503,195.1106513,188.4157306,301.0,,,,phm2010,True
4,302,180.7819071,196.3096231,189.4667804,302.0,,,,phm2010,True
4,303,181.9915282,197.4990343,190.5079843,303.0,,,,phm2010,True
4,304,183.1980513,198.6785687,191.5390879,304.0,,,,phm2010,True
4,305,184.4011164,199.8479179,192.5598442,305.0,,,,phm2010,True
4,306,185.6003667,201.0067816,193.570014,306.0,,,,phm2010,True
4,307,186.7954486,202.1548679,194.5693657,307.0,,,,phm2010,True
4,308,187.9860118,203.291893,195.5576756,308.0,,,,phm2010,True
4,309,189.1717095,204.417582,196.5347279,309.0,,,,phm2010,True
4,310,190.352199,205.5316685,197.5003149,310.0,,,,phm2010,True
4,311,191.5271412,206.6338951,198.454237,311.0,,,,phm2010,True
4,312,192.6962013,207.7240132,199.3963026,312.0,,,,phm2010,True
4,313,193.8590491,208.8017835,200.3263288,313.0,,,,phm2010,True
4,314,195.0153586,209.8669762,201.2441406,314.0,,,,phm2010,True
4,315,196.1648089,210.9193705,202.1495718,315.0,,,,phm2010,True
6,1,62.78864802,9.896640679,14.62090844,1.0,,,,phm2010,True
6,2,64.13604296,19.79328136,29.24181689,2.0,,,,phm2010,True
6,3,65.36527295,29.68992204,43.86272533,3.0,,,,phm2010,True
6,4,66.4868801,39.58656272,58.48363377,4.0,,,,phm2010,True
6,5,67.51080822,43.01999443,59.34575921,5.0,,,,phm2010,True
6,6,68.44642494,46.45342614,60.20788466,6.0,,,,phm2010,True
6,7,69.30254323,49.88685786,61.0700101,7.0,,,,phm2010,True
6,8,70.08744241,53.32028957,61.93213554,8.0,,,,phm2010,True
6,9,70.8088887,58.52379832,62.6414184,9.0,,,,phm2010,True
6,10,71.47415519,63.72730707,63.35070125,10.0,,,,phm2010,True
6,11,72.09004135,68.93081581,64.05998411,11.0,,,,phm2010,True
6,12,72.66289207,74.13432456,64.76926696,12.0,,,,phm2010,True
6,13,73.19861618,75.21507024,65.86080262,13.0,,,,phm2010,True
6,14,73.70270453,76.29581591,66.95233827,14.0,,,,phm2010,True
6,15,74.18024756,77.37656158,68.04387392,15.0,,,,phm2010,True
6,16,74.63595243,78.45730726,69.13540957,16.0,,,,phm2010,True
6,17,75.07415974,79.53805293,70.22694522,17.0,,,,phm2010,True
6,18,75.4988597,80.6187986,71.31848087,18.0,,,,phm2010,True
6,19,75.91370798,81.69954428,72.41001653,19.0,,,,phm2010,True
6,20,76.32204104,82.78028995,73.50155218,20.0,,,,phm2010,True
6,21,76.72689103,83.61749165,73.83660575,21.0,,,,phm2010,True
6,22,77.13100039,84.45469334,74.17165933,22.0,,,,phm2010,True
6,23,77.53683587,85.29189504,74.5067129,23.0,,,,phm2010,True
6,24,77.94660226,86.12909673,74.84176648,24.0,,,,phm2010,True
6,25,78.36225568,86.96629843,75.17682005,25.0,,,,phm2010,True
6,26,78.78551648,87.80350012,75.51187363,26.0,,,,phm2010,True
6,27,79.21788179,88.64070181,75.8469272,27.0,,,,phm2010,True
6,28,79.66063762,89.47790351,76.18198078,28.0,,,,phm2010,True
6,29,80.11487062,90.3151052,76.51703435,29.0,,,,phm2010,True
6,30,80.58147952,91.1523069,76.85208793,30.0,,,,phm2010,True
6,31,81.06118616,91.98950859,77.1871415,31.0,,,,phm2010,True
6,32,81.55454615,92.82671029,77.52219508,32.0,,,,phm2010,True
6,33,82.06195924,93.25202035,77.98222132,33.0,,,,phm2010,True
6,34,82.58367929,93.67733042,78.44224757,34.0,,,,phm2010,True
6,35,83.11982397,94.10264048,78.90227381,35.0,,,,phm2010,True
6,36,83.67038407,94.52795055,79.36230005,36.0,,,,phm2010,True
6,37,84.23523251,94.95326061,79.8223263,37.0,,,,phm2010,True
6,38,84.81413304,95.37857068,80.28235254,38.0,,,,phm2010,True
6,39,85.40674866,95.80388075,80.74237878,39.0,,,,phm2010,True
6,40,86.01264963,96.22919081,81.20240503,40.0,,,,phm2010,True
6,41,86.63132132,96.65450088,81.66243127,41.0,,,,phm2010,True
6,42,87.26217167,97.07981094,82.12245751,42.0,,,,phm2010,True
6,43,87.90453839,97.50512101,82.58248376,43.0,,,,phm2010,True
6,44,88.55769588,97.93043107,83.04251,44.0,,,,phm2010,True
6,45,89.22086191,98.35574114,83.50253624,45.0,,,,phm2010,True
6,46,89.89320394,98.7810512,83.96256249,46.0,,,,phm2010,True
6,47,90.57384526,99.20636127,84.42258873,47.0,,,,phm2010,True
6,48,91.26187086,99.63167133,84.88261497,48.0,,,,phm2010,True
6,49,91.956333,100.0569814,85.34264122,49.0,,,,phm2010,True
6,50,92.65625657,100.4822915,85.80266746,50.0,,,,phm2010,True
6,51,93.36064421,100.9076015,86.2626937,51.0,,,,phm2010,True
6,52,94.06848117,101.3329116,86.72271995,52.0,,,,phm2010,True
6,53,94.77873996,101.7582217,87.18274619,53.0,,,,phm2010,True
6,54,95.49038474,102.1835317,87.64277243,54.0,,,,phm2010,True
6,55,96.20237554,102.6088418,88.10279867,55.0,,,,phm2010,True
6,56,96.91367223,103.0341519,88.56282492,56.0,,,,phm2010,True
6,57,97.62323828,103.4594619,89.02285116,57.0,,,,phm2010,True
6,58,98.33004431,103.884772,89.4828774,58.0,,,,phm2010,True
6,59,99.03307145,104.3100821,89.94290365,59.0,,,,phm2010,True
6,60,99.73131453,104.7353921,90.40292989,60.0,,,,phm2010,True
6,61,100.423785,105.1607022,90.86295613,61.0,,,,phm2010,True
6,62,101.1095138,105.5860122,91.32298238,62.0,,,,phm2010,True
6,63,101.7875539,106.0113223,91.78300862,63.0,,,,phm2010,True
6,64,102.4569826,106.4366324,92.24303486,64.0,,,,phm2010,True
6,65,103.1169041,106.4907197,92.79017713,65.0,,,,phm2010,True
6,66,103.7664512,106.5448071,93.3373194,66.0,,,,phm2010,True
6,67,104.4047877,106.5988945,93.88446166,67.0,,,,phm2010,True
6,68,105.0311097,106.6529819,94.43160393,68.0,,,,phm2010,True
6,69,105.6446474,106.7070692,94.97874619,69.0,,,,phm2010,True
6,70,106.2446665,106.7611566,95.52588846,70.0,,,,phm2010,True
6,71,106.8304699,106.815244,96.07303072,71.0,,,,phm2010,True
6,72,107.4013983,106.8693313,96.62017299,72.0,,,,phm2010,True
6,73,107.9568315,106.9234187,97.16731525,73.0,,,,phm2010,True
6,74,108.4961893,106.9775061,97.71445752,74.0,,,,phm2010,True
6,75,109.0189324,107.0315934,98.26159979,75.0,,,,phm2010,True
6,76,109.524563,107.0856808,98.80874205,76.0,,,,phm2010,True
6,77,110.0126251,107.1397682,99.35588432,77.0,,,,phm2010,True
6,78,110.4827052,107.1938555,99.90302658,78.0,,,,phm2010,True
6,79,110.9344325,107.2479429,100.4501688,79.0,,,,phm2010,True
6,80,111.3674791,107.3020303,100.9973111,80.0,,,,phm2010,True
6,81,111.7815604,107.3561177,101.5444534,81.0,,,,phm2010,True
6,82,112.1764343,107.410205,102.0915956,82.0,,,,phm2010,True
6,83,112.5519021,107.4642924,102.6387379,83.0,,,,phm2010,True
6,84,112.9078077,107.5183798,103.1858802,84.0,,,,phm2010,True
6,85,113.2440373,107.5724671,103.7330224,85.0,,,,phm2010,True
6,86,113.5605194,107.6265545,104.2801647,86.0,,,,phm2010,True
6,87,113.8572241,107.6806419,104.827307,87.0,,,,phm2010,True
6,88,114.1341627,107.7347292,105.3744492,88.0,,,,phm2010,True
6,89,114.391387,107.7888166,105.9215915,89.0,,,,phm2010,True
6,90,114.6289887,107.842904,106.4687338,90.0,,,,phm2010,True
6,91,114.8470987,107.8969914,107.015876,91.0,,,,phm2010,True
6,92,115.0458861,107.9510787,107.5630183,92.0,,,,phm2010,True
6,93,115.2255578,108.0051661,108.1101606,93.0,,,,phm2010,True
6,94,115.386357,108.0592535,108.6573028,94.0,,,,phm2010,True
6,95,115.5285627,108.1133408,109.2044451,95.0,,,,phm2010,True
6,96,115.6524886,108.1674282,109.7515874,96.0,,,,phm2010,True
6,97,115.7584818,108.3737331,109.9420823,97.0,,,,phm2010,True
6,98,115.8469217,108.580038,110.1325772,98.0,,,,phm2010,True
6,99,115.9182194,108.786343,110.3230721,99.0,,,,phm2010,True
6,100,115.9728158,108.9926479,110.513567,100.0,,,,phm2010,True
6,101,116.0111807,109.1989528,110.7040619,101.0,,,,phm2010,True
6,102,116.0338116,109.4052577,110.8945568,102.0,,,,phm2010,True
6,103,116.0412323,109.6115626,111.0850517,103.0,,,,phm2010,True
6,104,116.0412323,109.8178676,111.2755466,104.0,,,,phm2010,True
6,105,116.0412323,110.0241725,111.4660415,105.0,,,,phm2010,True
6,106,116.0412323,110.2304774,111.6565364,106.0,,,,phm2010,True
6,107,116.0412323,110.4367823,111.8470313,107.0,,,,phm2010,True
6,108,116.0412323,110.6430872,112.0375262,108.0,,,,phm2010,True
6,109,116.0412323,110.8493922,112.2280211,109.0,,,,phm2010,True
6,110,116.0412323,111.0556971,112.418516,110.0,,,,phm2010,True
6,111,116.0412323,111.262002,112.6090109,111.0,,,,phm2010,True
6,112,116.0412323,111.4683069,112.7995058,112.0,,,,phm2010,True
6,113,116.0412323,111.6746118,112.9900007,113.0,,,,phm2010,True
6,114,116.0412323,111.8809168,113.1804956,114.0,,,,phm2010,True
6,115,116.0412323,112.0872217,113.3709905,115.0,,,,phm2010,True
6,116,116.0412323,112.2935266,113.5614855,116.0,,,,phm2010,True
6,117,116.0412323,112.4998315,113.7519804,117.0,,,,phm2010,True
6,118,116.0412323,112.7061364,113.9424753,118.0,,,,phm2010,True
6,119,116.0412323,112.9124414,114.1329702,119.0,,,,phm2010,True
6,120,116.0412323,113.1187463,114.3234651,120.0,,,,phm2010,True
6,121,116.0412323,113.3250512,114.51396,121.0,,,,phm2010,True
6,122,116.0412323,113.5313561,114.7044549,122.0,,,,phm2010,True
6,123,116.0412323,113.737661,114.8949498,123.0,,,,phm2010,True
6,124,116.0412323,113.943966,115.0854447,124.0,,,,phm2010,True
6,125,116.0412323,114.1502709,115.2759396,125.0,,,,phm2010,True
6,126,116.0412323,114.3565758,115.4664345,126.0,,,,phm2010,True
6,127,116.0412323,114.5628807,115.6569294,127.0,,,,phm2010,True
6,128,116.0412323,114.7691856,115.8474243,128.0,,,,phm2010,True
6,129,116.0412323,114.840982,116.0603334,129.0,,,,phm2010,True
6,130,116.0412323,114.9127783,116.2732426,130.0,,,,phm2010,True
6,131,116.0412323,114.9845746,116.4861517,131.0,,,,phm2010,True
6,132,116.0412323,115.056371,116.6990608,132.0,,,,phm2010,True
6,133,116.0412323,115.1281673,116.9119699,133.0,,,,phm2010,True
6,134,116.0412323,115.1999636,117.1248791,134.0,,,,phm2010,True
6,135,116.0412323,115.27176,117.3377882,135.0,,,,phm2010,True
6,136,116.0412323,115.3435563,117.5506973,136.0,,,,phm2010,True
6,137,116.0412323,115.4153526,117.7636065,137.0,,,,phm2010,True
6,138,116.0412323,115.487149,117.9765156,138.0,,,,phm2010,True
6,139,116.0412323,115.5589453,118.1894247,139.0,,,,phm2010,True
6,140,116.0412323,115.6307416,118.4023338,140.0,,,,phm2010,True
6,141,116.0412323,115.7025379,118.615243,141.0,,,,phm2010,True
6,142,116.0412323,115.7743343,118.8281521,142.0,,,,phm2010,True
6,143,116.0412323,115.8461306,119.0410612,143.0,,,,phm2010,True
6,144,116.0412323,115.9179269,119.2539704,144.0,,,,phm2010,True
6,145,116.0412323,115.9897233,119.4668795,145.0,,,,phm2010,True
6,146,116.0412323,116.0615196,119.6797886,146.0,,,,phm2010,True
6,147,116.0412323,116.1333159,119.8926977,147.0,,,,phm2010,True
6,148,116.0412323,116.2051123,120.1056069,148.0,,,,phm2010,True
6,149,116.0412323,116.2769086,120.318516,149.0,,,,phm2010,True
6,150,116.0412323,116.3487049,120.5314251,150.0,,,,phm2010,True
6,151,116.0412323,116.4205013,120.7443343,151.0,,,,phm2010,True
6,152,116.0412323,116.4922976,120.9572434,152.0,,,,phm2010,True
6,153,116.0412323,116.5640939,121.1701525,153.0,,,,phm2010,True
6,154,116.0412323,116.6358903,121.3830616,154.0,,,,phm2010,True
6,155,116.0412323,116.7076866,121.5959708,155.0,,,,phm2010,True
6,156,116.0412323,116.7794829,121.8088799,156.0,,,,phm2010,True
6,157,116.0412323,116.8512792,122.021789,157.0,,,,phm2010,True
6,158,116.0412323,116.9230756,122.2346982,158.0,,,,phm2010,True
6,159,116.0412323,116.9948719,122.4476073,159.0,,,,phm2010,True
6,160,116.0412323,117.0666682,122.6605164,160.0,,,,phm2010,True
6,161,116.0412323,117.287211,122.9007941,161.0,,,,phm2010,True
6,162,116.0412323,117.5077538,123.1410717,162.0,,,,phm2010,True
6,163,116.0412323,117.7282966,123.3813494,163.0,,,,phm2010,True
6,164,116.0412323,117.9488394,123.6216271,164.0,,,,phm2010,True
6,165,116.0412323,118.1693822,123.8619047,165.0,,,,phm2010,True
6,166,116.0412323,118.389925,124.1021824,166.0,,,,phm2010,True
6,167,116.0412323,118.6104678,124.34246,167.0,,,,phm2010,True
6,168,116.0412323,118.8310106,124.5827377,168.0,,,,phm2010,True
6,169,116.0412323,119.0515534,124.8230154,169.0,,,,phm2010,True
6,170,116.0412323,119.2720961,125.063293,170.0,,,,phm2010,True
6,171,116.2270765,119.4926389,125.3035707,171.0,,,,phm2010,True
6,172,116.6029478,119.7131817,125.5438483,172.0,,,,phm2010,True
6,173,116.9916592,119.9337245,125.784126,173.0,,,,phm2010,True
6,174,117.3928337,120.1542673,126.0244037,174.0,,,,phm2010,True
6,175,117.8060712,120.3748101,126.2646813,175.0,,,,phm2010,True
6,176,118.2309499,120.5953529,126.504959,176.0,,,,phm2010,True
6,177,118.6670268,120.8158957,126.7452367,177.0,,,,phm2010,True
6,178,119.1138385,121.0364385,126.9855143,178.0,,,,phm2010,True
6,179,119.5709023,121.2569813,127.225792,179.0,,,,phm2010,True
6,180,120.0377171,121.477524,127.4660696,180.0,,,,phm2010,True
6,181,120.5137642,121.6980668,127.7063473,181.0,,,,phm2010,True
6,182,120.9985086,121.9186096,127.946625,182.0,,,,phm2010,True
6,183,121.4914,122.1391524,128.1869026,183.0,,,,phm2010,True
6,184,121.9918734,122.3596952,128.4271803,184.0,,,,phm2010,True
6,185,122.4993512,122.580238,128.6674579,185.0,,,,phm2010,True
6,186,123.0132434,122.8007808,128.9077356,186.0,,,,phm2010,True
6,187,123.5329492,123.0213236,129.1480133,187.0,,,,phm2010,True
6,188,124.0578583,123.2418664,129.3882909,188.0,,,,phm2010,True
6,189,124.5873519,123.4624092,129.6285686,189.0,,,,phm2010,True
6,190,125.1208041,123.6829519,129.8688462,190.0,,,,phm2010,True
6,191,125.6575832,123.9034947,130.1091239,191.0,,,,phm2010,True
6,192,126.1970529,124.1240375,130.3494016,192.0,,,,phm2010,True
6,193,126.7385738,124.8334912,131.0330779,193.0,,,,phm2010,True
6,194,127.2815045,125.5429449,131.7167543,194.0,,,,phm2010,True
6,195,127.8252031,126.2523985,132.4004307,195.0,,,,phm2010,True
6,196,128.3690289,126.9618522,133.084107,196.0,,,,phm2010,True
6,197,128.912343,127.6713059,133.7677834,197.0,,,,phm2010,True
6,198,129.4545105,128.3807596,134.4514598,198.0,,,,phm2010,True
6,199,129.9949016,129.0902132,135.1351362,199.0,,,,phm2010,True
6,200,130.532893,129.7996669,135.8188125,200.0,,,,phm2010,True
6,201,131.0678691,130.5091206,136.5024889,201.0,,,,phm2010,True
6,202,131.5992242,131.2185743,137.1861653,202.0,,,,phm2010,True
6,203,132.1263628,131.9280279,137.8698416,203.0,,,,phm2010,True
6,204,132.6487023,132.6374816,138.553518,204.0,,,,phm2010,True
6,205,133.1656732,133.3469353,139.2371944,205.0,,,,phm2010,True
6,206,133.6767215,134.056389,139.9208707,206.0,,,,phm2010,True
6,207,134.1813097,134.7658426,140.6045471,207.0,,,,phm2010,True
6,208,134.678918,135.4752963,141.2882235,208.0,,,,phm2010,True
6,209,135.1690461,136.18475,141.9718998,209.0,,,,phm2010,True
6,210,135.6512144,136.8942036,142.6555762,210.0,,,,phm2010,True
6,211,136.1249653,137.6036573,143.3392526,211.0,,,,phm2010,True
6,212,136.5898649,138.313111,144.022929,212.0,,,,phm2010,True
6,213,137.0455035,139.0225647,144.7066053,213.0,,,,phm2010,True
6,214,137.491498,139.7320183,145.3902817,214.0,,,,phm2010,True
6,215,137.9274922,140.441472,146.0739581,215.0,,,,phm2010,True
6,216,138.3531587,141.1509257,146.7576344,216.0,,,,phm2010,True
6,217,138.7681996,141.8603794,147.4413108,217.0,,,,phm2010,True
6,218,139.1723481,142.569833,148.1249872,218.0,,,,phm2010,True
6,219,139.5653693,143.2792867,148.8086635,219.0,,,,phm2010,True
6,220,139.9470615,143.9887404,149.4923399,220.0,,,,phm2010,True
6,221,140.3172571,144.6981941,150.1760163,221.0,,,,phm2010,True
6,222,140.6758236,145.4076477,150.8596926,222.0,,,,phm2010,True
6,223,141.0226648,146.1171014,151.543369,223.0,,,,phm2010,True
6,224,141.3577211,146.8265551,152.2270454,224.0,,,,phm2010,True
6,225,141.680971,147.9628628,153.5255936,225.0,,,,phm2010,True
6,226,141.9924313,149.0991705,154.8241418,226.0,,,,phm2010,True
6,227,142.2921584,150.2354782,156.12269,227.0,,,,phm2010,True
6,228,142.5802481,151.3717859,157.4212382,228.0,,,,phm2010,True
6,229,142.856837,152.5080936,158.7197863,229.0,,,,phm2010,True
6,230,143.1221024,153.6444013,160.0183345,230.0,,,,phm2010,True
6,231,143.3762632,154.780709,161.3168827,231.0,,,,phm2010,True
6,232,143.6195797,155.9170167,162.6154309,232.0,,,,phm2010,True
6,233,143.8523541,157.0533244,163.9139791,233.0,,,,phm2010,True
6,234,144.0749307,158.1896321,165.2125273,234.0,,,,phm2010,True
6,235,144.2876959,159.3259398,166.5110755,235.0,,,,phm2010,True
6,236,144.4910781,160.4622475,167.8096237,236.0,,,,phm2010,True
6,237,144.6855475,161.5985552,169.1081719,237.0,,,,phm2010,True
6,238,144.8716163,162.7348629,170.4067201,238.0,,,,phm2010,True
6,239,145.0498375,163.8711706,171.7052683,239.0,,,,phm2010,True
6,240,145.2208054,165.0074783,173.0038165,240.0,,,,phm2010,True
6,241,145.3851541,166.143786,174.3023646,241.0,,,,phm2010,True
6,242,145.5435575,167.2800937,175.6009128,242.0,,,,phm2010,True
6,243,145.6967283,168.4164014,176.899461,243.0,,,,phm2010,True
6,244,145.8454166,169.5527091,178.1980092,244.0,,,,phm2010,True
6,245,145.9904093,170.6890168,179.4965574,245.0,,,,phm2010,True
6,246,146.1325289,171.8253245,180.7951056,246.0,,,,phm2010,True
6,247,146.2726316,172.9616322,182.0936538,247.0,,,,phm2010,True
6,248,146.4116064,174.0979399,183.392202,248.0,,,,phm2010,True
6,249,146.550373,175.2342476,184.6907502,249.0,,,,phm2010,True
6,250,146.6898802,176.3705554,185.9892984,250.0,,,,phm2010,True
6,251,146.8311038,177.5068631,187.2878466,251.0,,,,phm2010,True
6,252,146.9750444,178.6431708,188.5863948,252.0,,,,phm2010,True
6,253,147.1227254,179.7794785,189.8849429,253.0,,,,phm2010,True
6,254,147.2751901,180.9157862,191.1834911,254.0,,,,phm2010,True
6,255,147.4334992,182.0520939,192.4820393,255.0,,,,phm2010,True
6,256,147.5987281,183.1884016,193.7805875,256.0,,,,phm2010,True
6,257,147.7719636,183.779055,194.9262222,257.0,,,,phm2010,True
6,258,147.9543008,184.3697084,196.0718569,258.0,,,,phm2010,True
6,259,148.1468398,184.9603618,197.2174916,259.0,,,,phm2010,True
6,260,148.3506817,185.5510152,198.3631263,260.0,,,,phm2010,True
6,261,148.5669251,186.1416687,199.5087611,261.0,,,,phm2010,True
6,262,148.7966619,186.7323221,200.6543958,262.0,,,,phm2010,True
6,263,149.0409732,187.3229755,201.8000305,263.0,,,,phm2010,True
6,264,149.3009244,187.9136289,202.9456652,264.0,,,,phm2010,True
6,265,149.5775609,188.5042823,204.0912999,265.0,,,,phm2010,True
6,266,149.871903,189.0949358,205.2369346,266.0,,,,phm2010,True
6,267,150.1849406,189.6855892,206.3825693,267.0,,,,phm2010,True
6,268,150.517628,190.2762426,207.528204,268.0,,,,phm2010,True
6,269,150.870878,190.866896,208.6738387,269.0,,,,phm2010,True
6,270,151.245556,191.4575494,209.8194734,270.0,,,,phm2010,True
6,271,151.6424737,192.0482029,210.9651081,271.0,,,,phm2010,True
6,272,152.0623831,192.6388563,212.1107428,272.0,,,,phm2010,True
6,273,152.5059689,193.2295097,213.2563775,273.0,,,,phm2010,True
6,274,152.9738426,193.8201631,214.4020122,274.0,,,,phm2010,True
6,275,153.4665341,194.4108165,215.5476469,275.0,,,,phm2010,True
6,276,153.9844848,195.0014699,216.6932816,276.0,,,,phm2010,True
6,277,154.5280396,195.5921234,217.8389164,277.0,,,,phm2010,True
6,278,155.0974384,196.1827768,218.9845511,278.0,,,,phm2010,True
6,279,155.6928081,196.7734302,220.1301858,279.0,,,,phm2010,True
6,280,156.3141533,197.3640836,221.2758205,280.0,,,,phm2010,True
6,281,156.9613477,197.954737,222.4214552,281.0,,,,phm2010,True
6,282,157.634124,198.5453905,223.5670899,282.0,,,,phm2010,True
6,283,158.3320649,199.1360439,224.7127246,283.0,,,,phm2010,True
6,284,159.0545922,199.7266973,225.8583593,284.0,,,,phm2010,True
6,285,159.800957,200.3173507,227.003994,285.0,,,,phm2010,True
6,286,160.5702285,200.9080041,228.1496287,286.0,,,,phm2010,True
6,287,161.361283,201.4986576,229.2952634,287.0,,,,phm2010,True
6,288,162.1727923,202.089311,230.4408981,288.0,,,,phm2010,True
6,289,163.0032119,203.259123,230.5992333,289.0,,,,phm2010,True
6,290,163.8507685,204.4289351,230.7575685,290.0,,,,phm2010,True
6,291,164.7134478,205.5987472,230.9159037,291.0,,,,phm2010,True
6,292,165.5889811,206.7685593,231.0742389,292.0,,,,phm2010,True
6,293,166.4748318,207.9383713,231.2325741,293.0,,,,phm2010,True
6,294,167.3681819,209.1081834,231.3909093,294.0,,,,phm2010,True
6,295,168.2659177,210.2779955,231.5492445,295.0,,,,phm2010,True
6,296,169.1646147,211.4478075,231.7075797,296.0,,,,phm2010,True
6,297,170.0605234,212.6176196,231.8659149,297.0,,,,phm2010,True
6,298,170.9495527,213.7874317,232.0242501,298.0,,,,phm2010,True
6,299,171.827255,214.9572437,232.1825853,299.0,,,,phm2010,True
6,300,172.688809,216.1270558,232.3409205,300.0,,,,phm2010,True
6,301,173.5290036,217.2968679,232.4992557,301.0,,,,phm2010,True
6,302,174.3422199,218.46668,232.6575909,302.0,,,,phm2010,True
6,303,175.1224141,219.636492,232.8159261,303.0,,,,phm2010,True
6,304,175.8630988,220.8063041,232.9742613,304.0,,,,phm2010,True
6,305,176.5573244,221.9761162,233.1325965,305.0,,,,phm2010,True
6,306,177.1976604,223.1459282,233.2909317,306.0,,,,phm2010,True
6,307,177.776175,224.3157403,233.4492669,307.0,,,,phm2010,True
6,308,178.2844153,225.4855524,233.6076021,308.0,,,,phm2010,True
6,309,178.7133868,226.6553645,233.7659373,309.0,,,,phm2010,True
6,310,179.0535319,227.8251765,233.9242725,310.0,,,,phm2010,True
6,311,179.2947081,228.9949886,234.0826077,311.0,,,,phm2010,True
6,312,179.4261663,230.1648007,234.2409429,312.0,,,,phm2010,True
6,313,179.4365275,231.3346127,234.3992781,313.0,,,,phm2010,True
6,314,179.4365275,232.5044248,234.5576133,314.0,,,,phm2010,True
6,315,179.4365275,233.6742369,234.7159485,315.0,,,,phm2010,True
